match,team,jersey,player,top_speed_kmh
ALG V AUT,Algeria,2,Aissa MANDI,28.4
ALG V AUT,Algeria,5,Zineddine BELAID,24.2
ALG V AUT,Algeria,7,Riyad MAHREZ,31.5
ALG V AUT,Algeria,8,Houssem AOUAR,28.6
ALG V AUT,Algeria,9,Amine GOUIRI,29.5
ALG V AUT,Algeria,10,Fares CHAIBI,31.7
ALG V AUT,Algeria,13,Jaouen HADJAM,32.2
ALG V AUT,Algeria,15,Rayan AIT,27.7
ALG V AUT,Algeria,16,Oussama BENBOT,18.2
ALG V AUT,Algeria,17,Rafik BELGHALI,30.8
ALG V AUT,Algeria,19,Nabil BENTALEB,28.7
ALG V AUT,Algeria,21,Ramy BENSEBAINI,30.1
ALG V AUT,Algeria,22,Ibrahim MAZA,29.9
ALG V AUT,Algeria,25,Fares GHEDJEMIS,26.1
ALG V AUT,Algeria,26,Samir CHERGUI,27.9
ALG V AUT,Austria,1,Alexander SCHLAGER,26.7
ALG V AUT,Austria,3,Kevin DANSO,26.4
ALG V AUT,Austria,4,Xaver SCHLAGER,28.6
ALG V AUT,Austria,5,Stefan POSCH,28.6
ALG V AUT,Austria,6,Nicolas SEIWALD,29.5
ALG V AUT,Austria,7,Marko ARNAUTOVIC,30.0
ALG V AUT,Austria,8,David ALABA,23.7
ALG V AUT,Austria,9,Marcel SABITZER,31.0
ALG V AUT,Austria,10,Florian GRILLITSCH,26.7
ALG V AUT,Austria,11,Michael GREGORITSCH,25.0
ALG V AUT,Austria,14,Sasa KALAJDZIC,22.1
ALG V AUT,Austria,15,Philipp LIENHART,30.4
ALG V AUT,Austria,16,Phillip MWENE,31.7
ALG V AUT,Austria,18,Romano SCHMID,27.4
ALG V AUT,Austria,20,Konrad LAIMER,31.5
ALG V AUT,Austria,24,Paul WANNER,27.7
ARG V ALG,Algeria,2,Aissa MANDI,29.5
ARG V ALG,Algeria,6,Ramiz ZERROUKI,25.3
ARG V ALG,Algeria,7,Riyad MAHREZ,30.3
ARG V ALG,Algeria,8,Houssem AOUAR,31.5
ARG V ALG,Algeria,9,Amine GOUIRI,26.2
ARG V ALG,Algeria,10,Fares CHAIBI,32.7
ARG V ALG,Algeria,11,Anis HADJ MOUSSA,28.7
ARG V ALG,Algeria,14,Hicham BOUDAOUI,29.6
ARG V ALG,Algeria,15,Rayan AIT,29.3
ARG V ALG,Algeria,17,Rafik BELGHALI,33.0
ARG V ALG,Algeria,18,Mohamed AMOURA,29.0
ARG V ALG,Algeria,19,Nabil BENTALEB,30.9
ARG V ALG,Algeria,20,Adil BOULBINA,24.6
ARG V ALG,Algeria,21,Ramy BENSEBAINI,29.8
ARG V ALG,Algeria,22,Ibrahim MAZA,28.4
ARG V ALG,Algeria,23,Luca ZIDANE,22.0
ARG V ALG,Argentina,4,Gonzalo MONTIEL,31.3
ARG V ALG,Argentina,6,Lisandro MARTINEZ,27.8
ARG V ALG,Argentina,7,Rodrigo DE PAUL,30.9
ARG V ALG,Argentina,9,Julian ALVAREZ,29.9
ARG V ALG,Argentina,10,Lionel MESSI,29.4
ARG V ALG,Argentina,13,Cristian ROMERO,29.9
ARG V ALG,Argentina,15,Nico GONZALEZ,33.4
ARG V ALG,Argentina,16,Thiago ALMADA,29.9
ARG V ALG,Argentina,18,Nico PAZ,30.0
ARG V ALG,Argentina,19,Nicolas OTAMENDI,26.2
ARG V ALG,Argentina,20,Alexis MAC ALLISTER,27.9
ARG V ALG,Argentina,22,Lautaro MARTINEZ,30.4
ARG V ALG,Argentina,23,Emiliano MARTINEZ,21.3
ARG V ALG,Argentina,24,Enzo FERNANDEZ,30.5
ARG V ALG,Argentina,25,Facundo MEDINA,31.2
ARG V ALG,Argentina,26,Nahuel MOLINA,33.7
ARG V AUT,Argentina,3,Nicolas TAGLIAFICO,28.6
ARG V AUT,Argentina,5,Leandro PAREDES,29.3
ARG V AUT,Argentina,6,Lisandro MARTINEZ,29.7
ARG V AUT,Argentina,7,Rodrigo DE PAUL,31.8
ARG V AUT,Argentina,9,Julian ALVAREZ,33.6
ARG V AUT,Argentina,10,Lionel MESSI,29.7
ARG V AUT,Argentina,13,Cristian ROMERO,27.7
ARG V AUT,Argentina,15,Nico GONZALEZ,32.1
ARG V AUT,Argentina,16,Thiago ALMADA,31.3
ARG V AUT,Argentina,19,Nicolas OTAMENDI,28.8
ARG V AUT,Argentina,20,Alexis MAC ALLISTER,28.6
ARG V AUT,Argentina,22,Lautaro MARTINEZ,29.1
ARG V AUT,Argentina,23,Emiliano MARTINEZ,20.2
ARG V AUT,Argentina,24,Enzo FERNANDEZ,31.3
ARG V AUT,Argentina,25,Facundo MEDINA,32.3
ARG V AUT,Argentina,26,Nahuel MOLINA,32.6
ARG V AUT,Austria,1,Alexander SCHLAGER,24.4
ARG V AUT,Austria,3,Kevin DANSO,31.8
ARG V AUT,Austria,4,Xaver SCHLAGER,32.7
ARG V AUT,Austria,5,Stefan POSCH,30.8
ARG V AUT,Austria,6,Nicolas SEIWALD,31.9
ARG V AUT,Austria,7,Marko ARNAUTOVIC,25.9
ARG V AUT,Austria,8,David ALABA,28.1
ARG V AUT,Austria,9,Marcel SABITZER,31.6
ARG V AUT,Austria,11,Michael GREGORITSCH,28.0
ARG V AUT,Austria,17,Carney CHUKWUEMEKA,30.7
ARG V AUT,Austria,18,Romano SCHMID,31.2
ARG V AUT,Austria,20,Konrad LAIMER,34.0
ARG V AUT,Austria,21,Patrick WIMMER,31.5
ARG V AUT,Austria,22,Alexander PRASS,31.0
ARG V AUT,Austria,23,Marco FRIEDL,29.5
ARG V AUT,Austria,24,Paul WANNER,28.1
AUS V TUR,Australia,3,Alessandro CIRCATI,27.0
AUS V TUR,Australia,4,Jacob ITALIANO,32.8
AUS V TUR,Australia,5,Jordan BOS,36.7
AUS V TUR,Australia,6,Jason GERIA,29.5
AUS V TUR,Australia,8,Connor METCALFE,29.5
AUS V TUR,Australia,9,Mohamed TOURE,35.8
AUS V TUR,Australia,13,Aiden ONEILL,32.8
AUS V TUR,Australia,16,Aziz BEHICH,31.2
AUS V TUR,Australia,17,Nestory IRANKUNDA,33.6
AUS V TUR,Australia,18,Patrick BEACH,24.0
AUS V TUR,Australia,19,Harry SOUTTAR,28.2
AUS V TUR,Australia,21,Cameron BURGESS,34.2
AUS V TUR,Australia,22,Jackson IRVINE,26.9
AUS V TUR,Australia,23,Nishan VELUPILLAY,31.1
AUS V TUR,Australia,24,Paul OKON,29.9
AUS V TUR,Australia,26,Tete YENGI,31.6
AUS V TUR,Türkiye,2,Zeki CELIK,34.7
AUS V TUR,Türkiye,3,Merih DEMIRAL,33.8
AUS V TUR,Türkiye,5,Salih OZCAN,28.3
AUS V TUR,Türkiye,6,Orkun KOKCU,29.2
AUS V TUR,Türkiye,7,Kerem AKTURKOGLU,31.4
AUS V TUR,Türkiye,8,Arda GULER,28.7
AUS V TUR,Türkiye,9,Deniz GUL,25.8
AUS V TUR,Türkiye,10,Hakan CALHANOGLU,29.2
AUS V TUR,Türkiye,11,Kenan YILDIZ,28.1
AUS V TUR,Türkiye,14,Abdulkerim BARDAKCI,28.4
AUS V TUR,Türkiye,16,Ismail YUKSEK,32.3
AUS V TUR,Türkiye,18,Mert MULDUR,31.2
AUS V TUR,Türkiye,19,Yunus AKGUN,31.7
AUS V TUR,Türkiye,20,Ferdi KADIOGLU,32.1
AUS V TUR,Türkiye,21,Baris Alper YILMAZ,34.3
AUS V TUR,Türkiye,23,Ugurcan CAKIR,28.0
AUT V JOR,Austria,1,Alexander SCHLAGER,30.1
AUT V JOR,Austria,3,Kevin DANSO,29.7
AUT V JOR,Austria,4,Xaver SCHLAGER,27.0
AUT V JOR,Austria,5,Stefan POSCH,32.4
AUT V JOR,Austria,6,Nicolas SEIWALD,32.7
AUT V JOR,Austria,7,Marko ARNAUTOVIC,28.8
AUT V JOR,Austria,8,David ALABA,31.2
AUT V JOR,Austria,9,Marcel SABITZER,33.6
AUT V JOR,Austria,14,Sasa KALAJDZIC,29.5
AUT V JOR,Austria,15,Philipp LIENHART,32.1
AUT V JOR,Austria,16,Phillip MWENE,30.8
AUT V JOR,Austria,17,Carney CHUKWUEMEKA,29.4
AUT V JOR,Austria,18,Romano SCHMID,32.5
AUT V JOR,Austria,20,Konrad LAIMER,34.1
AUT V JOR,Austria,21,Patrick WIMMER,30.3
AUT V JOR,Austria,24,Paul WANNER,27.9
AUT V JOR,Jordan,1,YAZEED ABULAILA,19.8
AUT V JOR,Jordan,3,ABDALLAH NASIB,29.2
AUT V JOR,Jordan,5,YAZAN ALARAB,32.4
AUT V JOR,Jordan,8,NOOR ALRAWABDEH,30.6
AUT V JOR,Jordan,9,ALI OLWAN,32.7
AUT V JOR,Jordan,10,MOUSA ALTAMARI,34.0
AUT V JOR,Jordan,11,ODEH FAKHOURY,34.5
AUT V JOR,Jordan,13,MAHMOUD ALMARDI,27.5
AUT V JOR,Jordan,16,MOHAMMAD ABUALNADI,31.2
AUT V JOR,Jordan,17,SALEEM OBAID,26.7
AUT V JOR,Jordan,19,SAED ALROSAN,31.0
AUT V JOR,Jordan,20,MOHANNAD ABUTAHA,31.2
AUT V JOR,Jordan,21,NIZAR ALRASHDAN,29.6
AUT V JOR,Jordan,23,EHSAN HADDAD,29.9
AUT V JOR,Jordan,24,ALI AZAIZEH,30.0
AUT V JOR,Jordan,25,MOHAMMAD ALDAOUD,25.9
BEL V EGY,Belgium,1,Thibaut COURTOIS,26.6
BEL V EGY,Belgium,4,Brandon MECHELE,30.8
BEL V EGY,Belgium,5,Maxim DE CUYPER,32.9
BEL V EGY,Belgium,7,Kevin DE BRUYNE,31.0
BEL V EGY,Belgium,8,Youri TIELEMANS,29.6
BEL V EGY,Belgium,9,Romelu LUKAKU,30.0
BEL V EGY,Belgium,10,Leandro TROSSARD,32.2
BEL V EGY,Belgium,11,Jeremy DOKU,32.0
BEL V EGY,Belgium,15,Thomas MEUNIER,33.0
BEL V EGY,Belgium,17,Charles DE KETELAERE,33.5
BEL V EGY,Belgium,20,Hans VANAKEN,25.7
BEL V EGY,Belgium,21,Timothy CASTAGNE,28.6
BEL V EGY,Belgium,23,Nicolas RASKIN,31.9
BEL V EGY,Belgium,24,Amadou ONANA,32.1
BEL V EGY,Belgium,25,Nathan NGOY,34.5
BEL V EGY,Belgium,26,Matias FERNANDEZ,32.0
BEL V EGY,Egypt,2,YASSER IBRAHIM,29.7
BEL V EGY,Egypt,3,MOHAMED HANY,30.9
BEL V EGY,Egypt,5,RAMY RABIA,31.1
BEL V EGY,Egypt,8,EMAM ASHOUR,30.1
BEL V EGY,Egypt,9,HAMZA ABDELKARIM,31.3
BEL V EGY,Egypt,10,MOHAMED SALAH,33.6
BEL V EGY,Egypt,11,MOSTAFA ZICO,32.4
BEL V EGY,Egypt,13,AHMED FATOUH,29.4
BEL V EGY,Egypt,14,HAMDY FATHY,31.4
BEL V EGY,Egypt,15,KARIM HAFEZ,31.2
BEL V EGY,Egypt,17,MOHANAD LASHIN,31.6
BEL V EGY,Egypt,19,MARAWAN ATTIA,33.0
BEL V EGY,Egypt,20,IBRAHIM ADEL,27.9
BEL V EGY,Egypt,22,OMAR MARMOUSH,32.9
BEL V EGY,Egypt,23,MOSTAFA SHOUBIR,22.7
BEL V EGY,Egypt,25,ZIZO,32.7
BEL V IRN,Belgium,1,Thibaut COURTOIS,25.1
BEL V IRN,Belgium,3,Arthur THEATE,29.7
BEL V IRN,Belgium,4,Brandon MECHELE,30.1
BEL V IRN,Belgium,5,Maxim DE CUYPER,30.5
BEL V IRN,Belgium,7,Kevin DE BRUYNE,30.7
BEL V IRN,Belgium,8,Youri TIELEMANS,28.8
BEL V IRN,Belgium,9,Romelu LUKAKU,29.0
BEL V IRN,Belgium,10,Leandro TROSSARD,29.8
BEL V IRN,Belgium,14,Dodi LUKEBAKIO,28.5
BEL V IRN,Belgium,15,Thomas MEUNIER,29.4
BEL V IRN,Belgium,20,Hans VANAKEN,27.7
BEL V IRN,Belgium,21,Timothy CASTAGNE,29.7
BEL V IRN,Belgium,22,Alexis SAELEMAEKERS,32.7
BEL V IRN,Belgium,23,Nicolas RASKIN,25.0
BEL V IRN,Belgium,25,Nathan NGOY,31.0
BEL V IRN,Belgium,26,Matias FERNANDEZ,34.4
BEL V IRN,IR Iran,1,Alireza BEIRANVAND,17.9
BEL V IRN,IR Iran,2,Saleh HARDANI,29.8
BEL V IRN,IR Iran,3,Ehsan HAJISAFI,28.2
BEL V IRN,IR Iran,4,Shoja KHALILZADEH,30.1
BEL V IRN,IR Iran,5,Milad MOHAMMADI,29.0
BEL V IRN,IR Iran,6,Saeid EZATOLAHI,26.5
BEL V IRN,IR Iran,7,Alireza JAHANBAKHSH,30.1
BEL V IRN,IR Iran,8,Mohammad MOHEBBI,30.5
BEL V IRN,IR Iran,9,Mehdi TAREMI,30.5
BEL V IRN,IR Iran,13,Hossein KANANI,28.0
BEL V IRN,IR Iran,14,Saman GHODDOS,29.4
BEL V IRN,IR Iran,16,Mehdi TORABI,27.6
BEL V IRN,IR Iran,18,Amirhossein HOSSEINZADEH,26.0
BEL V IRN,IR Iran,19,Ali NEMATI,32.9
BEL V IRN,IR Iran,20,Shahriyar MOGHANLOO,25.3
BEL V IRN,IR Iran,23,Ramin REZAEIAN,29.1
BIH V QAT,Bosnia and Herzegovina,1,Nikola VASILJ,22.4
BIH V QAT,Bosnia and Herzegovina,3,Dennis HADZIKADUNIC,28.3
BIH V QAT,Bosnia and Herzegovina,5,Sead KOLASINAC,31.2
BIH V QAT,Bosnia and Herzegovina,6,Benjamin TAHIROVIC,30.9
BIH V QAT,Bosnia and Herzegovina,10,Ermedin DEMIROVIC,32.5
BIH V QAT,Bosnia and Herzegovina,11,Edin DZEKO,30.1
BIH V QAT,Bosnia and Herzegovina,13,Ivan BASIC,27.8
BIH V QAT,Bosnia and Herzegovina,14,Ivan SUNJIC,31.2
BIH V QAT,Bosnia and Herzegovina,15,Amar MEMIC,31.7
BIH V QAT,Bosnia and Herzegovina,17,Dzenis BURNIC,28.4
BIH V QAT,Bosnia and Herzegovina,18,Nikola KATIC,30.4
BIH V QAT,Bosnia and Herzegovina,19,Kerim ALAJBEGOVIC,30.8
BIH V QAT,Bosnia and Herzegovina,20,Esmir BAJRAKTAREVIC,34.4
BIH V QAT,Bosnia and Herzegovina,21,Stjepan RADELJIC,28.9
BIH V QAT,Bosnia and Herzegovina,24,Arjan MALIC,32.3
BIH V QAT,Bosnia and Herzegovina,26,Ermin MAHMIC,30.3
BIH V QAT,Qatar,1,MAHMOUD ABUNADA,18.7
BIH V QAT,Qatar,2,PEDRO MIGUEL,33.4
BIH V QAT,Qatar,4,ISSA LAYE,32.5
BIH V QAT,Qatar,5,JASSEM GABER,25.4
BIH V QAT,Qatar,6,ABDULAZIZ HATEM,27.1
BIH V QAT,Qatar,7,AHMED ALAAELDIN,27.3
BIH V QAT,Qatar,8,EDMILSON JUNIOR,32.7
BIH V QAT,Qatar,10,HASSAN ALHAYDOS,30.8
BIH V QAT,Qatar,11,AKRAM AFIF,32.8
BIH V QAT,Qatar,12,KARIM BOUDIAF,28.1
BIH V QAT,Qatar,16,BOUALEM KHOUKHI,31.6
BIH V QAT,Qatar,17,AHMED ALGANEHI,30.0
BIH V QAT,Qatar,18,SULTAN ALBRAKE,31.8
BIH V QAT,Qatar,19,ALMOEZ ALI,26.6
BIH V QAT,Qatar,20,AHMED FATHY,29.5
BIH V QAT,Qatar,26,MOHAMED MANAI,24.5
BRA V HAI,Brazil,1,ALISSON,20.8
BRA V HAI,Brazil,2,EDERSON SILVA,32.3
BRA V HAI,Brazil,3,GABRIEL MAGALHAES,31.7
BRA V HAI,Brazil,4,MARQUINHOS,31.6
BRA V HAI,Brazil,5,CASEMIRO,29.2
BRA V HAI,Brazil,7,VINICIUS JUNIOR,32.3
BRA V HAI,Brazil,8,BRUNO GUIMARAES,27.7
BRA V HAI,Brazil,9,MATHEUS CUNHA,31.9
BRA V HAI,Brazil,11,RAPHINHA,33.3
BRA V HAI,Brazil,13,DANILO,32.1
BRA V HAI,Brazil,16,DOUGLAS SANTOS,31.1
BRA V HAI,Brazil,18,DANILO SANTOS,27.8
BRA V HAI,Brazil,19,ENDRICK,33.0
BRA V HAI,Brazil,20,LUCAS PAQUETA,29.5
BRA V HAI,Brazil,22,GABRIEL MARTINELLI,33.2
BRA V HAI,Brazil,26,RAYAN,32.5
BRA V HAI,Haiti,1,Johny PLACIDE,23.6
BRA V HAI,Haiti,2,Carlens ARCUS,30.0
BRA V HAI,Haiti,4,Ricardo ADE,30.5
BRA V HAI,Haiti,5,Hannes DELCROIX,32.2
BRA V HAI,Haiti,7,Derrick ETIENNE,33.7
BRA V HAI,Haiti,8,Martin EXPERIENCE,32.9
BRA V HAI,Haiti,10,Jean-Ricner BELLEGARDE,28.6
BRA V HAI,Haiti,11,Louicius DEEDSON,32.0
BRA V HAI,Haiti,15,Ruben PROVIDENCE,31.9
BRA V HAI,Haiti,16,Lenny JOSEPH,31.4
BRA V HAI,Haiti,17,Danley JEAN JACQUES,30.4
BRA V HAI,Haiti,18,Wilson ISIDOR,32.2
BRA V HAI,Haiti,20,Frantzdy PIERROT,27.3
BRA V HAI,Haiti,21,Josue CASIMIR,34.4
BRA V HAI,Haiti,22,Jean-Kevin DUVERNE,32.7
BRA V HAI,Haiti,25,Dominique SIMON,30.5
BRA V MAR POST,Brazil,1,ALISSON,17.8
BRA V MAR POST,Brazil,3,GABRIEL MAGALHAES,31.0
BRA V MAR POST,Brazil,4,MARQUINHOS,33.3
BRA V MAR POST,Brazil,5,CASEMIRO,26.5
BRA V MAR POST,Brazil,7,VINICIUS JUNIOR,34.1
BRA V MAR POST,Brazil,8,BRUNO GUIMARAES,28.0
BRA V MAR POST,Brazil,9,MATHEUS CUNHA,29.8
BRA V MAR POST,Brazil,11,RAPHINHA,33.1
BRA V MAR POST,Brazil,13,DANILO,32.7
BRA V MAR POST,Brazil,16,DOUGLAS SANTOS,30.9
BRA V MAR POST,Brazil,17,FABINHO,28.1
BRA V MAR POST,Brazil,18,DANILO SANTOS,27.4
BRA V MAR POST,Brazil,20,LUCAS PAQUETA,29.5
BRA V MAR POST,Brazil,21,LUIZ HENRIQUE,29.0
BRA V MAR POST,Brazil,24,ROGER IBANEZ,29.4
BRA V MAR POST,Brazil,25,IGOR THIAGO,33.2
BRA V MAR POST,Morocco,1,Yassine BOUNOU,21.4
BRA V MAR POST,Morocco,2,Achraf HAKIMI,30.8
BRA V MAR POST,Morocco,3,Noussair MAZRAOUI,31.3
BRA V MAR POST,Morocco,6,Ayyoub BOUADDI,31.6
BRA V MAR POST,Morocco,7,Chemsdine TALBI,29.7
BRA V MAR POST,Morocco,8,Azzedine OUNAHI,30.7
BRA V MAR POST,Morocco,9,Soufiane RAHIMI,31.1
BRA V MAR POST,Morocco,10,Brahim DIAZ,31.1
BRA V MAR POST,Morocco,11,Ismael SAIBARI,33.7
BRA V MAR POST,Morocco,14,Issa DIOP,32.0
BRA V MAR POST,Morocco,15,Samir EL MOURABET,28.5
BRA V MAR POST,Morocco,18,Chadi RIAD,28.5
BRA V MAR POST,Morocco,21,Ayoube AMAIMOUNI,30.0
BRA V MAR POST,Morocco,23,Bilal EL KHANNOUSS,33.2
BRA V MAR POST,Morocco,24,Neil EL AYNAOUI,30.2
BRA V MAR POST,Morocco,26,Anass SALAH EDDINE,24.8
CAN V BIH,Bosnia and Herzegovina,1,Nikola VASILJ,26.3
CAN V BIH,Bosnia and Herzegovina,4,Tarik MUHAREMOVIC,30.7
CAN V BIH,Bosnia and Herzegovina,5,Sead KOLASINAC,32.0
CAN V BIH,Bosnia and Herzegovina,6,Benjamin TAHIROVIC,28.4
CAN V BIH,Bosnia and Herzegovina,7,Amar DEDIC,32.5
CAN V BIH,Bosnia and Herzegovina,8,Armin GIGOVIC,29.5
CAN V BIH,Bosnia and Herzegovina,9,Samed BAZDAR,29.8
CAN V BIH,Bosnia and Herzegovina,10,Ermedin DEMIROVIC,33.0
CAN V BIH,Bosnia and Herzegovina,13,Ivan BASIC,31.2
CAN V BIH,Bosnia and Herzegovina,14,Ivan SUNJIC,26.5
CAN V BIH,Bosnia and Herzegovina,15,Amar MEMIC,33.9
CAN V BIH,Bosnia and Herzegovina,17,Dzenis BURNIC,26.7
CAN V BIH,Bosnia and Herzegovina,18,Nikola KATIC,30.3
CAN V BIH,Bosnia and Herzegovina,19,Kerim ALAJBEGOVIC,31.6
CAN V BIH,Bosnia and Herzegovina,20,Esmir BAJRAKTAREVIC,34.8
CAN V BIH,Bosnia and Herzegovina,25,Jovo LUKIC,32.1
CAN V BIH,Canada,2,Alistair JOHNSTON,33.3
CAN V BIH,Canada,4,Luc DE FOUGEROLLES,31.6
CAN V BIH,Canada,7,Stephen EUSTAQUIO,29.8
CAN V BIH,Canada,8,Ismael KONE,28.5
CAN V BIH,Canada,9,Cyle LARIN,31.3
CAN V BIH,Canada,10,Jonathan DAVID,31.7
CAN V BIH,Canada,11,Liam MILLAR,32.8
CAN V BIH,Canada,12,Tani OLUWASEYI,33.4
CAN V BIH,Canada,13,Derek CORNELIUS,28.2
CAN V BIH,Canada,14,Jacob SHAFFELBURG,31.6
CAN V BIH,Canada,16,Maxime CREPEAU,24.1
CAN V BIH,Canada,17,Tajon BUCHANAN,31.2
CAN V BIH,Canada,20,Ali AHMED,26.6
CAN V BIH,Canada,21,Jonathan OSORIO,23.0
CAN V BIH,Canada,22,Richie LARYEA,34.6
CAN V BIH,Canada,24,Promise DAVID,30.0
CAN V QAT,Canada,2,Alistair JOHNSTON,31.3
CAN V QAT,Canada,4,Luc DE FOUGEROLLES,29.9
CAN V QAT,Canada,7,Stephen EUSTAQUIO,26.7
CAN V QAT,Canada,8,Ismael KONE,28.3
CAN V QAT,Canada,9,Cyle LARIN,31.6
CAN V QAT,Canada,10,Jonathan DAVID,31.1
CAN V QAT,Canada,12,Tani OLUWASEYI,33.4
CAN V QAT,Canada,13,Derek CORNELIUS,30.7
CAN V QAT,Canada,14,Jacob SHAFFELBURG,29.9
CAN V QAT,Canada,15,Moise BOMBITO,31.5
CAN V QAT,Canada,16,Maxime CREPEAU,22.3
CAN V QAT,Canada,17,Tajon BUCHANAN,33.5
CAN V QAT,Canada,20,Ali AHMED,34.1
CAN V QAT,Canada,22,Richie LARYEA,30.8
CAN V QAT,Canada,23,Niko SIGUR,25.5
CAN V QAT,Canada,25,Nathan SALIBA,27.8
CAN V QAT,Qatar,1,MAHMOUD ABUNADA,18.6
CAN V QAT,Qatar,2,PEDRO MIGUEL,28.6
CAN V QAT,Qatar,3,LUCAS MENDES,27.0
CAN V QAT,Qatar,4,ISSA LAYE,30.2
CAN V QAT,Qatar,5,JASSEM GABER,28.5
CAN V QAT,Qatar,8,EDMILSON JUNIOR,31.1
CAN V QAT,Qatar,11,AKRAM AFIF,33.2
CAN V QAT,Qatar,13,AYOUB ALOUI,32.1
CAN V QAT,Qatar,14,HOMAM AHMED,32.0
CAN V QAT,Qatar,15,YUSUF ABDURISAG,29.2
CAN V QAT,Qatar,16,BOUALEM KHOUKHI,26.7
CAN V QAT,Qatar,18,SULTAN ALBRAKE,31.9
CAN V QAT,Qatar,20,AHMED FATHY,27.7
CAN V QAT,Qatar,23,ASSIM MADIBO,29.0
CAN V QAT,Qatar,25,ALHASHMI ALHUSSEIN,30.2
CAN V QAT,Qatar,26,MOHAMED MANAI,30.2
CIV V ECU,Côte d'Ivoire,1,Yahia FOFANA,23.6
CIV V ECU,Côte d'Ivoire,3,Ghislain KONAN,29.5
CIV V ECU,Côte d'Ivoire,5,Wilfried SINGO,33.3
CIV V ECU,Côte d'Ivoire,6,Seko FOFANA,30.1
CIV V ECU,Côte d'Ivoire,7,Odilon KOSSOUNOU,28.5
CIV V ECU,Côte d'Ivoire,8,Franck KESSIE,29.2
CIV V ECU,Côte d'Ivoire,9,Ange-Yoan BONNY,31.4
CIV V ECU,Côte d'Ivoire,11,Yan DIOMANDE,33.6
CIV V ECU,Côte d'Ivoire,12,Elye WAHI,32.7
CIV V ECU,Côte d'Ivoire,15,Amad DIALLO,30.3
CIV V ECU,Côte d'Ivoire,17,Guela DOUE,32.5
CIV V ECU,Côte d'Ivoire,18,Ibrahim SANGARE,29.2
CIV V ECU,Côte d'Ivoire,19,Nicolas PEPE,31.9
CIV V ECU,Côte d'Ivoire,20,Emmanuel AGBADOU,32.6
CIV V ECU,Côte d'Ivoire,24,Bazoumana TOURE,34.6
CIV V ECU,Côte d'Ivoire,26,Christ Inao OULAI,28.6
CIV V ECU,Ecuador,1,Hernan GALINDEZ,20.2
CIV V ECU,Ecuador,3,Piero HINCAPIE,31.5
CIV V ECU,Ecuador,4,Joel ORDONEZ,28.1
CIV V ECU,Ecuador,6,Willian PACHO,32.7
CIV V ECU,Ecuador,9,John YEBOAH,31.0
CIV V ECU,Ecuador,11,Kevin RODRIGUEZ,30.1
CIV V ECU,Ecuador,13,Enner VALENCIA,33.1
CIV V ECU,Ecuador,14,Alan MINDA,35.5
CIV V ECU,Ecuador,15,Pedro VITE,28.5
CIV V ECU,Ecuador,17,Angelo PRECIADO,33.2
CIV V ECU,Ecuador,19,Gonzalo PLATA,31.0
CIV V ECU,Ecuador,20,Nilson ANGULO,31.5
CIV V ECU,Ecuador,21,Alan FRANCO,32.2
CIV V ECU,Ecuador,23,Moises CAICEDO,30.5
CIV V ECU,Ecuador,25,Jackson POROZO,32.7
COD V UZB,Congo DR,1,Lionel MPASI,26.7
COD V UZB,Congo DR,2,Aaron WAN,33.7
COD V UZB,Congo DR,4,Axel TUANZEBE,30.3
COD V UZB,Congo DR,6,Ngalayel MUKAU,24.8
COD V UZB,Congo DR,7,Nathanael MBUKU,29.3
COD V UZB,Congo DR,8,Samuel MOUTOUSSAMY,31.9
COD V UZB,Congo DR,9,Brian CIPENGA,33.2
COD V UZB,Congo DR,10,Theo BONGONDA,26.4
COD V UZB,Congo DR,12,Joris KAYEMBE,28.7
COD V UZB,Congo DR,13,Meschack ELIA,30.6
COD V UZB,Congo DR,14,Noah SADIKI,29.5
COD V UZB,Congo DR,17,Cedric BAKAMBU,29.0
COD V UZB,Congo DR,19,Fiston MAYELE,32.9
COD V UZB,Congo DR,20,Yoane WISSA,29.8
COD V UZB,Congo DR,22,Chancel MBEMBA,32.0
COD V UZB,Congo DR,26,Arthur MASUAKU,30.2
COD V UZB,Uzbekistan,2,Abdukodir KHUSANOV,33.6
COD V UZB,Uzbekistan,3,Khojiakbar ALIJONOV,29.9
COD V UZB,Uzbekistan,5,Rustam ASHURMATOV,31.4
COD V UZB,Uzbekistan,6,Akmal MOZGOVOY,29.6
COD V UZB,Uzbekistan,7,Otabek SHUKUROV,29.3
COD V UZB,Uzbekistan,8,Jamshid ISKANDEROV,28.4
COD V UZB,Uzbekistan,9,Odiljon XAMROBEKOV,29.5
COD V UZB,Uzbekistan,11,Oston URUNOV,29.2
COD V UZB,Uzbekistan,12,Abduvohid NEMATOV,22.1
COD V UZB,Uzbekistan,13,Sherzod NASRULLAEV,31.6
COD V UZB,Uzbekistan,14,Eldor SHOMURODOV,32.7
COD V UZB,Uzbekistan,17,Dostonbek KHAMDAMOV,28.4
COD V UZB,Uzbekistan,19,Azizjon GANIEV,27.2
COD V UZB,Uzbekistan,21,Igor SERGEEV,24.7
COD V UZB,Uzbekistan,22,Abbosbek FAYZULLAEV,32.2
COD V UZB,Uzbekistan,26,Jakhongir UROZOV,28.8
COL V COD,Colombia,2,Daniel MUNOZ,30.3
COL V COD,Colombia,3,Jhon LUCUMI,30.9
COL V COD,Colombia,6,Richard RIOS,28.7
COL V COD,Colombia,7,Luis DIAZ,32.7
COL V COD,Colombia,9,Jhon CORDOBA,28.2
COL V COD,Colombia,10,James RODRIGUEZ,24.2
COL V COD,Colombia,11,Jhon ARIAS,30.6
COL V COD,Colombia,12,Camilo VARGAS,25.7
COL V COD,Colombia,14,Gustavo PUERTA,31.3
COL V COD,Colombia,16,Jefferson LERMA,28.6
COL V COD,Colombia,17,Johan MOJICA,31.5
COL V COD,Colombia,20,Juan QUINTERO,26.0
COL V COD,Colombia,23,Davinson SANCHEZ,32.8
COL V COD,Colombia,25,Luis SUAREZ,31.7
COL V COD,Congo DR,1,Lionel MPASI,19.6
COL V COD,Congo DR,2,Aaron WAN,31.2
COL V COD,Congo DR,3,Steve KAPUADI,32.8
COL V COD,Congo DR,4,Axel TUANZEBE,30.6
COL V COD,Congo DR,6,Ngalayel MUKAU,32.4
COL V COD,Congo DR,7,Nathanael MBUKU,32.4
COL V COD,Congo DR,8,Samuel MOUTOUSSAMY,31.1
COL V COD,Congo DR,12,Joris KAYEMBE,29.7
COL V COD,Congo DR,14,Noah SADIKI,30.9
COL V COD,Congo DR,17,Cedric BAKAMBU,33.2
COL V COD,Congo DR,18,Charles PICKEL,30.8
COL V COD,Congo DR,20,Yoane WISSA,28.7
COL V COD,Congo DR,22,Chancel MBEMBA,30.3
COL V COD,Congo DR,23,Simon BANZA,29.9
COL V COD,Congo DR,25,Edo KAYEMBE,31.3
COL V COD,Congo DR,26,Arthur MASUAKU,31.9
COL V POR,Colombia,2,Daniel MUNOZ,31.6
COL V POR,Colombia,3,Jhon LUCUMI,34.1
COL V POR,Colombia,4,Santiago ARIAS,32.0
COL V POR,Colombia,5,Kevin CASTANO,25.4
COL V POR,Colombia,6,Richard RIOS,31.0
COL V POR,Colombia,7,Luis DIAZ,29.0
COL V POR,Colombia,9,Jhon CORDOBA,32.1
COL V POR,Colombia,10,James RODRIGUEZ,26.8
COL V POR,Colombia,11,Jhon ARIAS,30.0
COL V POR,Colombia,12,Camilo VARGAS,25.1
COL V POR,Colombia,14,Gustavo PUERTA,30.3
COL V POR,Colombia,16,Jefferson LERMA,27.9
COL V POR,Colombia,20,Juan QUINTERO,31.0
COL V POR,Colombia,22,Deiver MACHADO,34.0
COL V POR,Colombia,23,Davinson SANCHEZ,33.8
COL V POR,Colombia,25,Luis SUAREZ,34.4
COL V POR,Portugal,1,DIOGO COSTA,23.9
COL V POR,Portugal,3,RUBEN DIAS,29.2
COL V POR,Portugal,5,DIOGO DALOT,31.9
COL V POR,Portugal,6,MATHEUS NUNES,23.3
COL V POR,Portugal,7,CRISTIANO RONALDO,31.4
COL V POR,Portugal,8,BRUNO FERNANDES,30.9
COL V POR,Portugal,11,JOAO FELIX,32.6
COL V POR,Portugal,13,RENATO VEIGA,31.5
COL V POR,Portugal,15,JOAO NEVES,28.4
COL V POR,Portugal,17,RAFAEL LEAO,34.9
COL V POR,Portugal,18,PEDRO NETO,35.3
COL V POR,Portugal,20,JOAO CANCELO,30.3
COL V POR,Portugal,21,RUBEN NEVES,30.2
COL V POR,Portugal,23,VITINHA,30.0
COL V POR,Portugal,24,SAMU COSTA,30.6
COL V POR,Portugal,25,NUNO MENDES,32.3
CPV V KSA,Cabo Verde,1,VOZINHA,20.9
CPV V KSA,Cabo Verde,3,DINEY BORGES,28.8
CPV V KSA,Cabo Verde,4,PICO LOPES,30.9
CPV V KSA,Cabo Verde,6,KEVIN PINA,30.1
CPV V KSA,Cabo Verde,8,JOAO PAULO,32.1
CPV V KSA,Cabo Verde,10,JAMIRO MONTEIRO,28.8
CPV V KSA,Cabo Verde,11,GARRY RODRIGUES,31.2
CPV V KSA,Cabo Verde,14,DEROY DUARTE,30.9
CPV V KSA,Cabo Verde,15,LAROS DUARTE,31.8
CPV V KSA,Cabo Verde,17,WILLY SEMEDO,29.8
CPV V KSA,Cabo Verde,19,DAILON LIVRAMENTO,34.8
CPV V KSA,Cabo Verde,20,RYAN MENDES,32.0
CPV V KSA,Cabo Verde,21,NUNO DA COSTA,30.1
CPV V KSA,Cabo Verde,22,STEVEN MOREIRA,20.2
CPV V KSA,Cabo Verde,24,WAGNER PINA,32.2
CPV V KSA,Cabo Verde,26,HELIO VARELA,31.4
CPV V KSA,Saudi Arabia,3,ALI LAJAMI,30.6
CPV V KSA,Saudi Arabia,4,ABDULELAH ALAMRI,31.6
CPV V KSA,Saudi Arabia,5,HASSAN ALTAMBAKTI,30.3
CPV V KSA,Saudi Arabia,6,NASSER ALDAWSARI,31.4
CPV V KSA,Saudi Arabia,7,MUSAB ALJUWAYR,29.5
CPV V KSA,Saudi Arabia,9,FERAS ALBRIKAN,31.5
CPV V KSA,Saudi Arabia,10,SALEM ALDAWSARI,32.4
CPV V KSA,Saudi Arabia,12,SAUD ABDULHAMID,32.7
CPV V KSA,Saudi Arabia,13,NAWAF BU WASHL,32.6
CPV V KSA,Saudi Arabia,15,ABDULLAH ALKHAIBARI,28.2
CPV V KSA,Saudi Arabia,19,ABDULLAH ALHAMDDAN,31.6
CPV V KSA,Saudi Arabia,20,SULTAN MANDASH,33.1
CPV V KSA,Saudi Arabia,21,MOHAMMED ALOWAIS,18.3
CPV V KSA,Saudi Arabia,23,MOHAMED KANNO,30.9
CPV V KSA,Saudi Arabia,24,MOTEB ALHARBI,33.3
CPV V KSA,Saudi Arabia,26,MOHAMMED ABU ALSHAMAT,28.8
CRO V GHA,Croatia,1,Dominik LIVAKOVIC,23.2
CRO V GHA,Croatia,2,Josip STANISIC,32.4
CRO V GHA,Croatia,3,Marin PONGRACIC,32.4
CRO V GHA,Croatia,4,Josko GVARDIOL,34.1
CRO V GHA,Croatia,6,Josip SUTALO,28.7
CRO V GHA,Croatia,8,Mateo KOVACIC,32.2
CRO V GHA,Croatia,10,Luka MODRIC,28.1
CRO V GHA,Croatia,11,Ante BUDIMIR,30.1
CRO V GHA,Croatia,13,Nikola VLASIC,31.5
CRO V GHA,Croatia,14,Ivan PERISIC,31.6
CRO V GHA,Croatia,15,Mario PASALIC,27.5
CRO V GHA,Croatia,16,Martin BATURINA,32.1
CRO V GHA,Croatia,17,Petar SUCIC,30.1
CRO V GHA,Croatia,20,Igor MATANOVIC,29.3
CRO V GHA,Croatia,24,Marco PASALIC,28.6
CRO V GHA,Ghana,3,Caleb YIRENKYI,29.2
CRO V GHA,Ghana,4,Jonas ADJETEY,28.7
CRO V GHA,Ghana,5,Thomas PARTEY,27.5
CRO V GHA,Ghana,7,Abdul FATAWU,32.9
CRO V GHA,Ghana,8,Kwasi SIBO,28.4
CRO V GHA,Ghana,9,Jordan AYEW,30.0
CRO V GHA,Ghana,10,Brandon THOMAS,26.9
CRO V GHA,Ghana,11,Antoine SEMENYO,34.2
CRO V GHA,Ghana,14,Gideon MENSAH,32.5
CRO V GHA,Ghana,15,Elisha OWUSU,28.9
CRO V GHA,Ghana,16,Benjamin ASARE,20.5
CRO V GHA,Ghana,21,Kojo Peprah OPPONG,30.6
CRO V GHA,Ghana,22,Kamaldeen SULEMANA,32.5
CRO V GHA,Ghana,23,Derrick LUCKASSEN,31.1
CRO V GHA,Ghana,24,Ernest NUAMAH,28.0
CRO V GHA,Ghana,26,Marvin SENAYA,30.2
CUW V CIV,Curaçao,1,Eloy ROOM,18.2
CUW V CIV,Curaçao,2,Shurandy SAMBO,24.9
CUW V CIV,Curaçao,3,Jurien GAARI,31.8
CUW V CIV,Curaçao,5,Sherel FLORANUS,32.5
CUW V CIV,Curaçao,7,Juninho BACUNA,32.1
CUW V CIV,Curaçao,8,Livano COMENENCIA,30.3
CUW V CIV,Curaçao,9,Juergen LOCADIA,28.8
CUW V CIV,Curaçao,10,Leandro BACUNA,30.6
CUW V CIV,Curaçao,11,Jeremy ANTONISSE,31.2
CUW V CIV,Curaçao,13,Tyrese NOSLIN,30.7
CUW V CIV,Curaçao,17,Brandley KUWAS,29.2
CUW V CIV,Curaçao,18,Armando OBISPO,29.0
CUW V CIV,Curaçao,19,Gervane KASTANEER,27.6
CUW V CIV,Curaçao,20,Joshua BRENET,32.5
CUW V CIV,Curaçao,21,Tahith CHONG,34.0
CUW V CIV,Curaçao,24,Deveron FONVILLE,31.7
CUW V CIV,Côte d'Ivoire,1,Yahia FOFANA,26.2
CUW V CIV,Côte d'Ivoire,2,Ousmane DIOMANDE,29.9
CUW V CIV,Côte d'Ivoire,4,Jean Michael SERI,27.2
CUW V CIV,Côte d'Ivoire,7,Odilon KOSSOUNOU,30.4
CUW V CIV,Côte d'Ivoire,8,Franck KESSIE,30.9
CUW V CIV,Côte d'Ivoire,9,Ange-Yoan BONNY,29.6
CUW V CIV,Côte d'Ivoire,11,Yan DIOMANDE,34.6
CUW V CIV,Côte d'Ivoire,12,Elye WAHI,29.5
CUW V CIV,Côte d'Ivoire,13,Christopher OPERI,30.8
CUW V CIV,Côte d'Ivoire,14,Oumar DIAKITE,32.1
CUW V CIV,Côte d'Ivoire,15,Amad DIALLO,33.3
CUW V CIV,Côte d'Ivoire,17,Guela DOUE,33.8
CUW V CIV,Côte d'Ivoire,18,Ibrahim SANGARE,31.3
CUW V CIV,Côte d'Ivoire,19,Nicolas PEPE,33.7
CUW V CIV,Côte d'Ivoire,24,Bazoumana TOURE,30.4
CUW V CIV,Côte d'Ivoire,26,Christ Inao OULAI,26.4
CZE V MEX,Czechia,1,Matej KOVAR,23.4
CZE V MEX,Czechia,3,Tomas HOLES,32.5
CZE V MEX,Czechia,4,Robin HRANAC,27.9
CZE V MEX,Czechia,5,Vladimir COUFAL,30.1
CZE V MEX,Czechia,7,Ladislav KREJCI,26.0
CZE V MEX,Czechia,9,Adam HLOZEK,32.7
CZE V MEX,Czechia,10,Patrik SCHICK,26.0
CZE V MEX,Czechia,12,Lukas CERV,28.7
CZE V MEX,Czechia,15,Pavel SULC,33.0
CZE V MEX,Czechia,17,Lukas PROVOD,31.0
CZE V MEX,Czechia,18,Michal SADILEK,29.8
CZE V MEX,Czechia,19,Tomas CHORY,28.3
CZE V MEX,Czechia,21,David DOUDERA,29.2
CZE V MEX,Czechia,22,Tomas SOUCEK,28.5
CZE V MEX,Czechia,24,Alexandr SOJKA,26.8
CZE V MEX,Czechia,26,Denis VISINSKY,32.1
CZE V MEX,Mexico,1,Raul RANGEL,24.8
CZE V MEX,Mexico,2,Jorge SANCHEZ,30.8
CZE V MEX,Mexico,3,Cesar MONTES,30.8
CZE V MEX,Mexico,4,Edson ALVAREZ,29.8
CZE V MEX,Mexico,7,Luis ROMO,30.4
CZE V MEX,Mexico,8,Alvaro FIDALGO,31.1
CZE V MEX,Mexico,11,Santiago GIMENEZ,29.8
CZE V MEX,Mexico,13,Guillermo OCHOA,18.7
CZE V MEX,Mexico,15,Israel REYES,30.2
CZE V MEX,Mexico,16,Julian QUINONES,32.0
CZE V MEX,Mexico,18,Obed VARGAS,28.2
CZE V MEX,Mexico,19,Gilberto MORA,27.9
CZE V MEX,Mexico,20,Mateo CHAVEZ,31.3
CZE V MEX,Mexico,22,Guillermo MARTINEZ,29.7
CZE V MEX,Mexico,23,Jesus GALLARDO,30.7
CZE V MEX,Mexico,25,Roberto ALVARADO,26.4
CZE V RSA,Czechia,1,Matej KOVAR,17.6
CZE V RSA,Czechia,2,David ZIMA,24.6
CZE V RSA,Czechia,3,Tomas HOLES,31.3
CZE V RSA,Czechia,4,Robin HRANAC,32.0
CZE V RSA,Czechia,5,Vladimir COUFAL,30.5
CZE V RSA,Czechia,7,Ladislav KREJCI,29.8
CZE V RSA,Czechia,8,Vladimir DARIDA,29.5
CZE V RSA,Czechia,9,Adam HLOZEK,31.7
CZE V RSA,Czechia,10,Patrik SCHICK,29.0
CZE V RSA,Czechia,12,Lukas CERV,26.7
CZE V RSA,Czechia,15,Pavel SULC,32.1
CZE V RSA,Czechia,17,Lukas PROVOD,30.7
CZE V RSA,Czechia,18,Michal SADILEK,29.5
CZE V RSA,Czechia,20,Jaroslav ZELENY,29.2
CZE V RSA,Czechia,22,Tomas SOUCEK,26.9
CZE V RSA,Czechia,24,Alexandr SOJKA,29.2
CZE V RSA,South Africa,1,Ronwen WILLIAMS,24.3
CZE V RSA,South Africa,4,Teboho MOKOENA,31.3
CZE V RSA,South Africa,5,Thalente MBATHA,31.1
CZE V RSA,South Africa,6,Aubrey MODIBA,29.1
CZE V RSA,South Africa,7,Oswin APPOLLIS,32.2
CZE V RSA,South Africa,10,Relebohile MOFOKENG,30.0
CZE V RSA,South Africa,12,Thapelo MASEKO,32.4
CZE V RSA,South Africa,14,Mbekezeli MBOKAZI,32.7
CZE V RSA,South Africa,15,Iqraam RAYNERS,32.9
CZE V RSA,South Africa,17,Evidence MAKGOPA,28.6
CZE V RSA,South Africa,20,Khuliso MUDAU,32.8
CZE V RSA,South Africa,21,Ime OKON,31.5
CZE V RSA,South Africa,23,Jayden ADAMS,28.6
CZE V RSA,South Africa,25,Kamogelo SEBELEBELE,28.3
ECU V CUW,Curaçao,1,Eloy ROOM,24.6
ECU V CUW,Curaçao,3,Jurien GAARI,32.5
ECU V CUW,Curaçao,4,Roshon VAN EIJMA,26.7
ECU V CUW,Curaçao,5,Sherel FLORANUS,32.6
ECU V CUW,Curaçao,6,Godfried ROEMERATOE,24.3
ECU V CUW,Curaçao,7,Juninho BACUNA,32.1
ECU V CUW,Curaçao,8,Livano COMENENCIA,32.0
ECU V CUW,Curaçao,9,Juergen LOCADIA,31.8
ECU V CUW,Curaçao,10,Leandro BACUNA,30.5
ECU V CUW,Curaçao,14,Kenji GORRE,28.0
ECU V CUW,Curaçao,16,Jearl MARGARITHA,30.4
ECU V CUW,Curaçao,18,Armando OBISPO,31.9
ECU V CUW,Curaçao,19,Gervane KASTANEER,28.4
ECU V CUW,Curaçao,20,Joshua BRENET,31.3
ECU V CUW,Curaçao,21,Tahith CHONG,29.7
ECU V CUW,Curaçao,24,Deveron FONVILLE,34.7
ECU V CUW,Ecuador,1,Hernan GALINDEZ,21.6
ECU V CUW,Ecuador,3,Piero HINCAPIE,30.6
ECU V CUW,Ecuador,5,Jordy ALCIVAR,30.3
ECU V CUW,Ecuador,6,Willian PACHO,31.6
ECU V CUW,Ecuador,7,Pervis ESTUPINAN,30.8
ECU V CUW,Ecuador,9,John YEBOAH,33.7
ECU V CUW,Ecuador,11,Kevin RODRIGUEZ,33.4
ECU V CUW,Ecuador,13,Enner VALENCIA,31.0
ECU V CUW,Ecuador,15,Pedro VITE,27.9
ECU V CUW,Ecuador,16,Jordy CAICEDO,30.4
ECU V CUW,Ecuador,17,Angelo PRECIADO,26.6
ECU V CUW,Ecuador,19,Gonzalo PLATA,32.2
ECU V CUW,Ecuador,20,Nilson ANGULO,32.8
ECU V CUW,Ecuador,21,Alan FRANCO,32.2
ECU V CUW,Ecuador,23,Moises CAICEDO,28.5
ECU V GER,Ecuador,1,Hernan GALINDEZ,19.8
ECU V GER,Ecuador,2,Felix TORRES,20.5
ECU V GER,Ecuador,3,Piero HINCAPIE,31.6
ECU V GER,Ecuador,4,Joel ORDONEZ,27.7
ECU V GER,Ecuador,6,Willian PACHO,32.5
ECU V GER,Ecuador,7,Pervis ESTUPINAN,27.0
ECU V GER,Ecuador,9,John YEBOAH,33.9
ECU V GER,Ecuador,11,Kevin RODRIGUEZ,32.5
ECU V GER,Ecuador,13,Enner VALENCIA,31.3
ECU V GER,Ecuador,15,Pedro VITE,28.6
ECU V GER,Ecuador,16,Jordy CAICEDO,26.7
ECU V GER,Ecuador,17,Angelo PRECIADO,31.4
ECU V GER,Ecuador,19,Gonzalo PLATA,30.1
ECU V GER,Ecuador,20,Nilson ANGULO,33.0
ECU V GER,Ecuador,21,Alan FRANCO,31.2
ECU V GER,Ecuador,23,Moises CAICEDO,30.5
ECU V GER,Germany,1,Manuel NEUER,21.1
ECU V GER,Germany,2,Antonio RUEDIGER,33.1
ECU V GER,Germany,4,Jonathan TAH,31.2
ECU V GER,Germany,5,Aleksandar PAVLOVIC,30.9
ECU V GER,Germany,6,Joshua KIMMICH,31.2
ECU V GER,Germany,7,Kai HAVERTZ,30.7
ECU V GER,Germany,10,Jamal MUSIALA,30.8
ECU V GER,Germany,13,Pascal GROSS,30.7
ECU V GER,Germany,14,Maximilian BEIER,32.7
ECU V GER,Germany,16,Angelo STILLER,26.6
ECU V GER,Germany,17,Florian WIRTZ,31.5
ECU V GER,Germany,19,Leroy SANE,33.5
ECU V GER,Germany,22,David RAUM,33.7
ECU V GER,Germany,23,Felix NMECHA,28.4
ECU V GER,Germany,24,Malick THIAW,26.5
ECU V GER,Germany,26,Deniz UNDAV,26.4
EGY V IRN,Egypt,2,YASSER IBRAHIM,33.4
EGY V IRN,Egypt,3,MOHAMED HANY,31.1
EGY V IRN,Egypt,5,RAMY RABIA,30.5
EGY V IRN,Egypt,6,MOHAMED ABDELMONEIM,27.9
EGY V IRN,Egypt,7,TREZEGUET,32.3
EGY V IRN,Egypt,8,EMAM ASHOUR,33.5
EGY V IRN,Egypt,9,HAMZA ABDELKARIM,29.4
EGY V IRN,Egypt,10,MOHAMED SALAH,31.4
EGY V IRN,Egypt,11,MOSTAFA ZICO,30.6
EGY V IRN,Egypt,13,AHMED FATOUH,29.3
EGY V IRN,Egypt,17,MOHANAD LASHIN,30.9
EGY V IRN,Egypt,19,MARAWAN ATTIA,29.3
EGY V IRN,Egypt,21,MAHMOUD SABER,29.5
EGY V IRN,Egypt,22,OMAR MARMOUSH,32.9
EGY V IRN,Egypt,23,MOSTAFA SHOUBIR,22.8
EGY V IRN,Egypt,25,ZIZO,28.9
EGY V IRN,IR Iran,1,Alireza BEIRANVAND,21.5
EGY V IRN,IR Iran,2,Saleh HARDANI,31.7
EGY V IRN,IR Iran,4,Shoja KHALILZADEH,32.0
EGY V IRN,IR Iran,5,Milad MOHAMMADI,30.7
EGY V IRN,IR Iran,6,Saeid EZATOLAHI,25.8
EGY V IRN,IR Iran,7,Alireza JAHANBAKHSH,29.0
EGY V IRN,IR Iran,8,Mohammad MOHEBBI,31.3
EGY V IRN,IR Iran,9,Mehdi TAREMI,34.0
EGY V IRN,IR Iran,13,Hossein KANANI,28.1
EGY V IRN,IR Iran,14,Saman GHODDOS,28.7
EGY V IRN,IR Iran,19,Ali NEMATI,32.4
EGY V IRN,IR Iran,20,Shahriyar MOGHANLOO,28.9
EGY V IRN,IR Iran,21,Mohammad GHORBANI,28.1
EGY V IRN,IR Iran,23,Ramin REZAEIAN,31.6
ENG V CRO,Croatia,1,Dominik LIVAKOVIC,26.9
ENG V CRO,Croatia,2,Josip STANISIC,32.2
ENG V CRO,Croatia,4,Josko GVARDIOL,34.1
ENG V CRO,Croatia,6,Josip SUTALO,29.7
ENG V CRO,Croatia,8,Mateo KOVACIC,26.7
ENG V CRO,Croatia,9,Andrej KRAMARIC,30.6
ENG V CRO,Croatia,10,Luka MODRIC,30.7
ENG V CRO,Croatia,13,Nikola VLASIC,31.8
ENG V CRO,Croatia,14,Ivan PERISIC,31.2
ENG V CRO,Croatia,15,Mario PASALIC,31.9
ENG V CRO,Croatia,16,Martin BATURINA,30.5
ENG V CRO,Croatia,17,Petar SUCIC,29.7
ENG V CRO,Croatia,20,Igor MATANOVIC,30.5
ENG V CRO,Croatia,22,Luka VUSKOVIC,29.0
ENG V CRO,Croatia,24,Marco PASALIC,30.3
ENG V CRO,Croatia,26,Petar MUSA,31.4
ENG V CRO,England,1,Jordan PICKFORD,26.4
ENG V CRO,England,2,Ezri KONSA,27.6
ENG V CRO,England,3,Nico OREILLY,33.1
ENG V CRO,England,4,Declan RICE,28.9
ENG V CRO,England,5,John STONES,27.5
ENG V CRO,England,6,Marc GUEHI,26.2
ENG V CRO,England,7,Bukayo SAKA,32.0
ENG V CRO,England,8,Elliot ANDERSON,29.1
ENG V CRO,England,9,Harry KANE,28.0
ENG V CRO,England,10,Jude BELLINGHAM,32.0
ENG V CRO,England,11,Marcus RASHFORD,32.5
ENG V CRO,England,17,Morgan ROGERS,30.7
ENG V CRO,England,18,Anthony GORDON,31.2
ENG V CRO,England,20,Noni MADUEKE,34.1
ENG V CRO,England,24,Reece JAMES,31.2
ENG V CRO,England,25,Djed SPENCE,35.2
ENG V GHA,England,1,Jordan PICKFORD,26.6
ENG V GHA,England,2,Ezri KONSA,32.5
ENG V GHA,England,3,Nico OREILLY,32.8
ENG V GHA,England,4,Declan RICE,32.3
ENG V GHA,England,6,Marc GUEHI,32.6
ENG V GHA,England,7,Bukayo SAKA,30.0
ENG V GHA,England,8,Elliot ANDERSON,28.6
ENG V GHA,England,9,Harry KANE,30.8
ENG V GHA,England,10,Jude BELLINGHAM,30.8
ENG V GHA,England,11,Marcus RASHFORD,29.2
ENG V GHA,England,17,Morgan ROGERS,26.6
ENG V GHA,England,18,Anthony GORDON,33.2
ENG V GHA,England,20,Noni MADUEKE,33.3
ENG V GHA,England,21,Eberechi EZE,26.7
ENG V GHA,England,24,Reece JAMES,33.6
ENG V GHA,England,25,Djed SPENCE,34.0
ENG V GHA,Ghana,3,Caleb YIRENKYI,31.3
ENG V GHA,Ghana,4,Jonas ADJETEY,29.4
ENG V GHA,Ghana,5,Thomas PARTEY,28.3
ENG V GHA,Ghana,7,Abdul FATAWU,30.8
ENG V GHA,Ghana,8,Kwasi SIBO,30.0
ENG V GHA,Ghana,9,Jordan AYEW,30.6
ENG V GHA,Ghana,11,Antoine SEMENYO,35.1
ENG V GHA,Ghana,14,Gideon MENSAH,33.2
ENG V GHA,Ghana,16,Benjamin ASARE,17.9
ENG V GHA,Ghana,17,Baba RAHMAN,23.7
ENG V GHA,Ghana,18,Jerome OPOKU,29.2
ENG V GHA,Ghana,19,Inaki WILLIAMS,33.5
ENG V GHA,Ghana,21,Kojo Peprah OPPONG,25.2
ENG V GHA,Ghana,25,Prince ADU,33.7
ENG V GHA,Ghana,26,Marvin SENAYA,29.8
ESP V CPV,Cabo Verde,1,VOZINHA,25.1
ESP V CPV,Cabo Verde,3,DINEY BORGES,30.1
ESP V CPV,Cabo Verde,4,PICO LOPES,32.5
ESP V CPV,Cabo Verde,6,KEVIN PINA,28.4
ESP V CPV,Cabo Verde,7,JOVANE CABRAL,28.9
ESP V CPV,Cabo Verde,8,JOAO PAULO,28.9
ESP V CPV,Cabo Verde,10,JAMIRO MONTEIRO,27.8
ESP V CPV,Cabo Verde,13,SIDNY LOPES CABRAL,32.2
ESP V CPV,Cabo Verde,14,DEROY DUARTE,30.3
ESP V CPV,Cabo Verde,15,LAROS DUARTE,25.6
ESP V CPV,Cabo Verde,17,WILLY SEMEDO,29.0
ESP V CPV,Cabo Verde,18,TELMO ARCANJO,31.7
ESP V CPV,Cabo Verde,19,DAILON LIVRAMENTO,33.6
ESP V CPV,Cabo Verde,20,RYAN MENDES,32.4
ESP V CPV,Cabo Verde,21,NUNO DA COSTA,28.8
ESP V CPV,Cabo Verde,22,STEVEN MOREIRA,31.7
ESP V CPV,Spain,5,Marcos LLORENTE,32.6
ESP V CPV,Spain,6,Mikel MERINO,30.5
ESP V CPV,Spain,7,Ferran TORRES,29.8
ESP V CPV,Spain,8,Fabian RUIZ,27.7
ESP V CPV,Spain,9,GAVI,28.2
ESP V CPV,Spain,10,Dani OLMO,27.6
ESP V CPV,Spain,14,Aymeric LAPORTE,30.9
ESP V CPV,Spain,16,RODRI,29.0
ESP V CPV,Spain,17,Nico WILLIAMS,32.4
ESP V CPV,Spain,19,Lamine YAMAL,29.0
ESP V CPV,Spain,20,PEDRI,29.8
ESP V CPV,Spain,21,Mikel OYARZABAL,31.5
ESP V CPV,Spain,22,Pau CUBARSI,31.0
ESP V CPV,Spain,23,Unai SIMON,25.2
ESP V CPV,Spain,24,Marc CUCURELLA,28.6
ESP V KSA,Saudi Arabia,3,ALI LAJAMI,31.6
ESP V KSA,Saudi Arabia,4,ABDULELAH ALAMRI,30.1
ESP V KSA,Saudi Arabia,5,HASSAN ALTAMBAKTI,32.2
ESP V KSA,Saudi Arabia,6,NASSER ALDAWSARI,31.2
ESP V KSA,Saudi Arabia,7,MUSAB ALJUWAYR,30.3
ESP V KSA,Saudi Arabia,9,FERAS ALBRIKAN,30.9
ESP V KSA,Saudi Arabia,10,SALEM ALDAWSARI,33.3
ESP V KSA,Saudi Arabia,12,SAUD ABDULHAMID,32.5
ESP V KSA,Saudi Arabia,15,ABDULLAH ALKHAIBARI,27.4
ESP V KSA,Saudi Arabia,17,KHALID ALGHANNAM,23.4
ESP V KSA,Saudi Arabia,18,ALA ALHAJJI,26.8
ESP V KSA,Saudi Arabia,19,ABDULLAH ALHAMDDAN,30.5
ESP V KSA,Saudi Arabia,21,MOHAMMED ALOWAIS,24.1
ESP V KSA,Saudi Arabia,23,MOHAMED KANNO,29.9
ESP V KSA,Saudi Arabia,24,MOTEB ALHARBI,33.7
ESP V KSA,Saudi Arabia,26,MOHAMMED ABU ALSHAMAT,31.3
ESP V KSA,Spain,6,Mikel MERINO,26.4
ESP V KSA,Spain,7,Ferran TORRES,32.3
ESP V KSA,Spain,8,Fabian RUIZ,26.7
ESP V KSA,Spain,10,Dani OLMO,31.7
ESP V KSA,Spain,11,Yeremy PINO,29.8
ESP V KSA,Spain,12,Pedro PORRO,32.7
ESP V KSA,Spain,14,Aymeric LAPORTE,33.0
ESP V KSA,Spain,15,Alex BAENA,33.3
ESP V KSA,Spain,16,RODRI,30.0
ESP V KSA,Spain,17,Nico WILLIAMS,33.7
ESP V KSA,Spain,19,Lamine YAMAL,32.3
ESP V KSA,Spain,20,PEDRI,28.7
ESP V KSA,Spain,21,Mikel OYARZABAL,31.3
ESP V KSA,Spain,22,Pau CUBARSI,32.0
ESP V KSA,Spain,23,Unai SIMON,29.9
ESP V KSA,Spain,24,Marc CUCURELLA,31.9
FRA V IRQ,France,2,Malo GUSTO,26.2
FRA V IRQ,France,3,Lucas DIGNE,30.0
FRA V IRQ,France,4,Dayot UPAMECANO,30.2
FRA V IRQ,France,5,Jules KOUNDE,29.7
FRA V IRQ,France,6,Manu KONE,27.8
FRA V IRQ,France,7,Ousmane DEMBELE,29.3
FRA V IRQ,France,9,Marcus THURAM,22.1
FRA V IRQ,France,10,Kylian MBAPPE,33.4
FRA V IRQ,France,11,Michael OLISE,34.7
FRA V IRQ,France,12,Bradley BARCOLA,34.7
FRA V IRQ,France,14,Adrien RABIOT,29.2
FRA V IRQ,France,16,Mike MAIGNAN,26.4
FRA V IRQ,France,17,William SALIBA,29.3
FRA V IRQ,France,20,Desire DOUE,31.5
FRA V IRQ,France,24,Rayan CHERKI,30.8
FRA V IRQ,France,25,Maghnes AKLIOUCHE,26.6
FRA V IRQ,Iraq,2,REBIN SULAKA,30.7
FRA V IRQ,Iraq,3,HUSSEIN ALI,32.1
FRA V IRQ,Iraq,4,ZAID TAHSEEN,31.3
FRA V IRQ,Iraq,5,AKAM HASHIM,33.7
FRA V IRQ,Iraq,7,YOUSSEF AMYN,28.3
FRA V IRQ,Iraq,8,IBRAHIM BAYESH,30.5
FRA V IRQ,Iraq,9,ALI ALHAMADI,30.7
FRA V IRQ,Iraq,11,AHMED QASEM,32.0
FRA V IRQ,Iraq,14,ZIDANE IQBAL,30.2
FRA V IRQ,Iraq,16,AMIR ALAMMARI,30.5
FRA V IRQ,Iraq,18,AYMEN HUSSEIN,31.2
FRA V IRQ,Iraq,20,AIMAR SHER,24.6
FRA V IRQ,Iraq,21,MARKO FARJI,29.0
FRA V IRQ,Iraq,22,AHMED BASIL,21.9
FRA V IRQ,Iraq,23,MERCHAS DOSKI,30.2
FRA V IRQ,Iraq,24,ZAID ISMAEL,30.8
FRA V SEN,France,4,Dayot UPAMECANO,33.5
FRA V SEN,France,5,Jules KOUNDE,31.0
FRA V SEN,France,7,Ousmane DEMBELE,27.6
FRA V SEN,France,8,Aurelien TCHOUAMENI,30.1
FRA V SEN,France,10,Kylian MBAPPE,35.1
FRA V SEN,France,11,Michael OLISE,31.3
FRA V SEN,France,12,Bradley BARCOLA,33.9
FRA V SEN,France,14,Adrien RABIOT,29.0
FRA V SEN,France,16,Mike MAIGNAN,21.7
FRA V SEN,France,17,William SALIBA,32.3
FRA V SEN,France,19,Theo HERNANDEZ,33.2
FRA V SEN,France,20,Desire DOUE,31.7
FRA V SEN,France,24,Rayan CHERKI,30.0
FRA V SEN,Senegal,3,Kalidou KOULIBALY,31.1
FRA V SEN,Senegal,5,Idrissa Gana GUEYE,27.9
FRA V SEN,Senegal,6,Pathe CISS,25.0
FRA V SEN,Senegal,8,Lamine CAMARA,31.2
FRA V SEN,Senegal,9,Bamba DIENG,26.9
FRA V SEN,Senegal,10,Sadio MANE,32.3
FRA V SEN,Senegal,11,Nicolas JACKSON,33.5
FRA V SEN,Senegal,13,Iliman NDIAYE,30.5
FRA V SEN,Senegal,15,Krepin DIATTA,32.8
FRA V SEN,Senegal,16,Edouard MENDY,22.6
FRA V SEN,Senegal,18,Ismaila SARR,33.8
FRA V SEN,Senegal,19,Moussa NIAKHATE,30.8
FRA V SEN,Senegal,20,Ibrahim MBAYE,31.9
FRA V SEN,Senegal,21,Habib DIARRA,33.3
FRA V SEN,Senegal,25,El Hadji Malick DIOUF,31.2
FRA V SEN,Senegal,26,Pape GUEYE,31.0
GER V CIV,Côte d'Ivoire,1,Yahia FOFANA,22.2
GER V CIV,Côte d'Ivoire,3,Ghislain KONAN,31.4
GER V CIV,Côte d'Ivoire,5,Wilfried SINGO,34.4
GER V CIV,Côte d'Ivoire,6,Seko FOFANA,31.8
GER V CIV,Côte d'Ivoire,7,Odilon KOSSOUNOU,32.3
GER V CIV,Côte d'Ivoire,8,Franck KESSIE,32.1
GER V CIV,Côte d'Ivoire,9,Ange-Yoan BONNY,32.9
GER V CIV,Côte d'Ivoire,10,Simon ADINGRA,30.0
GER V CIV,Côte d'Ivoire,11,Yan DIOMANDE,33.7
GER V CIV,Côte d'Ivoire,15,Amad DIALLO,31.4
GER V CIV,Côte d'Ivoire,17,Guela DOUE,30.6
GER V CIV,Côte d'Ivoire,18,Ibrahim SANGARE,29.7
GER V CIV,Côte d'Ivoire,19,Nicolas PEPE,33.8
GER V CIV,Côte d'Ivoire,20,Emmanuel AGBADOU,32.0
GER V CIV,Côte d'Ivoire,22,Evann GUESSAND,30.0
GER V CIV,Côte d'Ivoire,26,Christ Inao OULAI,28.5
GER V CIV,Germany,1,Manuel NEUER,27.6
GER V CIV,Germany,2,Antonio RUEDIGER,31.7
GER V CIV,Germany,4,Jonathan TAH,32.9
GER V CIV,Germany,5,Aleksandar PAVLOVIC,31.4
GER V CIV,Germany,6,Joshua KIMMICH,31.4
GER V CIV,Germany,7,Kai HAVERTZ,30.9
GER V CIV,Germany,8,Leon GORETZKA,31.0
GER V CIV,Germany,9,Jamie LEWELING,31.2
GER V CIV,Germany,10,Jamal MUSIALA,30.4
GER V CIV,Germany,15,Nico SCHLOTTERBECK,31.9
GER V CIV,Germany,17,Florian WIRTZ,31.5
GER V CIV,Germany,18,Nathaniel BROWN,33.0
GER V CIV,Germany,19,Leroy SANE,34.4
GER V CIV,Germany,20,Nadiem AMIRI,29.6
GER V CIV,Germany,23,Felix NMECHA,35.0
GER V CIV,Germany,26,Deniz UNDAV,28.9
GER V CUW,Curaçao,1,Eloy ROOM,22.0
GER V CUW,Curaçao,5,Sherel FLORANUS,33.3
GER V CUW,Curaçao,7,Juninho BACUNA,30.7
GER V CUW,Curaçao,8,Livano COMENENCIA,32.0
GER V CUW,Curaçao,9,Juergen LOCADIA,32.6
GER V CUW,Curaçao,10,Leandro BACUNA,31.8
GER V CUW,Curaçao,11,Jeremy ANTONISSE,31.3
GER V CUW,Curaçao,12,Sontje HANSEN,33.1
GER V CUW,Curaçao,16,Jearl MARGARITHA,30.7
GER V CUW,Curaçao,18,Armando OBISPO,33.2
GER V CUW,Curaçao,19,Gervane KASTANEER,26.8
GER V CUW,Curaçao,21,Tahith CHONG,30.0
GER V CUW,Curaçao,23,Riechedly BAZOER,27.8
GER V CUW,Curaçao,24,Deveron FONVILLE,32.1
GER V CUW,Germany,1,Manuel NEUER,21.9
GER V CUW,Germany,2,Antonio RUEDIGER,31.8
GER V CUW,Germany,3,Waldemar ANTON,27.8
GER V CUW,Germany,4,Jonathan TAH,30.0
GER V CUW,Germany,5,Aleksandar PAVLOVIC,29.8
GER V CUW,Germany,6,Joshua KIMMICH,29.9
GER V CUW,Germany,7,Kai HAVERTZ,32.9
GER V CUW,Germany,8,Leon GORETZKA,29.6
GER V CUW,Germany,10,Jamal MUSIALA,31.8
GER V CUW,Germany,15,Nico SCHLOTTERBECK,31.8
GER V CUW,Germany,17,Florian WIRTZ,28.5
GER V CUW,Germany,18,Nathaniel BROWN,33.8
GER V CUW,Germany,19,Leroy SANE,33.5
GER V CUW,Germany,22,David RAUM,31.1
GER V CUW,Germany,23,Felix NMECHA,31.0
GER V CUW,Germany,26,Deniz UNDAV,27.4
GHA V PAN,Ghana,1,Lawrence Ati ZIGI,22.3
GHA V PAN,Ghana,3,Caleb YIRENKYI,30.9
GHA V PAN,Ghana,4,Jonas ADJETEY,31.0
GHA V PAN,Ghana,7,Abdul FATAWU,28.3
GHA V PAN,Ghana,8,Kwasi SIBO,25.6
GHA V PAN,Ghana,9,Jordan AYEW,29.7
GHA V PAN,Ghana,10,Brandon THOMAS,33.2
GHA V PAN,Ghana,11,Antoine SEMENYO,34.5
GHA V PAN,Ghana,14,Gideon MENSAH,29.6
GHA V PAN,Ghana,15,Elisha OWUSU,28.8
GHA V PAN,Ghana,16,Benjamin ASARE,26.6
GHA V PAN,Ghana,18,Jerome OPOKU,28.8
GHA V PAN,Ghana,22,Kamaldeen SULEMANA,33.2
GHA V PAN,Ghana,24,Ernest NUAMAH,33.3
GHA V PAN,Ghana,25,Prince ADU,31.2
GHA V PAN,Ghana,26,Marvin SENAYA,31.6
GHA V PAN,Panama,2,Cesar BLACKMAN,32.0
GHA V PAN,Panama,3,Jose CORDOBA,33.8
GHA V PAN,Panama,6,Cristian MARTINEZ,29.8
GHA V PAN,Panama,7,Jose Luis RODRIGUEZ,31.6
GHA V PAN,Panama,10,Ismael DIAZ,29.5
GHA V PAN,Panama,11,Edgar Yoel BARCENAS,27.3
GHA V PAN,Panama,13,Jiovany RAMOS,31.7
GHA V PAN,Panama,14,Carlos HARVEY,29.9
GHA V PAN,Panama,16,Andres ANDRADE,31.0
GHA V PAN,Panama,17,Jose FAJARDO,30.4
GHA V PAN,Panama,18,Cecilio WATERMAN,30.0
GHA V PAN,Panama,20,Anibal GODOY,27.2
GHA V PAN,Panama,22,Orlando MOSQUERA,24.8
GHA V PAN,Panama,23,Amir MURILLO,32.6
GHA V PAN,Panama,24,Azarias LONDONO,30.8
HAI V SCO,Haiti,1,Johny PLACIDE,23.4
HAI V SCO,Haiti,2,Carlens ARCUS,28.8
HAI V SCO,Haiti,4,Ricardo ADE,28.5
HAI V SCO,Haiti,5,Hannes DELCROIX,31.2
HAI V SCO,Haiti,8,Martin EXPERIENCE,30.2
HAI V SCO,Haiti,10,Jean-Ricner BELLEGARDE,34.2
HAI V SCO,Haiti,11,Louicius DEEDSON,30.8
HAI V SCO,Haiti,15,Ruben PROVIDENCE,34.0
HAI V SCO,Haiti,16,Lenny JOSEPH,29.0
HAI V SCO,Haiti,17,Danley JEAN JACQUES,33.3
HAI V SCO,Haiti,18,Wilson ISIDOR,32.6
HAI V SCO,Haiti,19,Yassin FORTUNE,28.2
HAI V SCO,Haiti,20,Frantzdy PIERROT,30.5
HAI V SCO,Haiti,21,Josue CASIMIR,33.5
HAI V SCO,Scotland,1,Angus GUNN,23.5
HAI V SCO,Scotland,2,Aaron HICKEY,32.4
HAI V SCO,Scotland,3,Andy ROBERTSON,31.9
HAI V SCO,Scotland,4,Scott McTOMINAY,30.4
HAI V SCO,Scotland,5,Grant HANLEY,31.0
HAI V SCO,Scotland,7,John McGINN,30.6
HAI V SCO,Scotland,9,Lyndon DYKES,28.2
HAI V SCO,Scotland,10,Che ADAMS,31.9
HAI V SCO,Scotland,11,Ryan CHRISTIE,29.9
HAI V SCO,Scotland,13,Jack HENDRY,30.1
HAI V SCO,Scotland,17,Ben GANNON,32.9
HAI V SCO,Scotland,19,Lewis FERGUSON,31.1
HAI V SCO,Scotland,20,Lawrence SHANKLAND,29.2
HAI V SCO,Scotland,22,Nathan PATTERSON,31.6
HAI V SCO,Scotland,23,Kenny McLEAN,29.0
HAI V SCO,Scotland,25,Findlay CURTIS,31.2
IRN V NZL,IR Iran,1,Alireza BEIRANVAND,19.5
IRN V NZL,IR Iran,3,Ehsan HAJISAFI,26.6
IRN V NZL,IR Iran,4,Shoja KHALILZADEH,31.3
IRN V NZL,IR Iran,5,Milad MOHAMMADI,30.7
IRN V NZL,IR Iran,6,Saeid EZATOLAHI,26.7
IRN V NZL,IR Iran,8,Mohammad MOHEBBI,32.3
IRN V NZL,IR Iran,9,Mehdi TAREMI,32.6
IRN V NZL,IR Iran,10,Mehdi GHAYEDI,30.2
IRN V NZL,IR Iran,11,Ali ALIPOUR,29.9
IRN V NZL,IR Iran,14,Saman GHODDOS,28.8
IRN V NZL,IR Iran,17,Arya YOUSEFI,30.6
IRN V NZL,IR Iran,18,Amirhossein HOSSEINZADEH,29.0
IRN V NZL,IR Iran,19,Ali NEMATI,30.1
IRN V NZL,IR Iran,20,Shahriyar MOGHANLOO,28.1
IRN V NZL,IR Iran,23,Ramin REZAEIAN,30.4
IRN V NZL,New Zealand,1,Max CROCOMBE,24.0
IRN V NZL,New Zealand,2,Tim PAYNE,30.5
IRN V NZL,New Zealand,4,Tyler BINDON,25.7
IRN V NZL,New Zealand,5,Michael BOXALL,29.9
IRN V NZL,New Zealand,6,Joe BELL,28.7
IRN V NZL,New Zealand,8,Marko STAMENIC,32.3
IRN V NZL,New Zealand,9,Chris WOOD,30.6
IRN V NZL,New Zealand,10,Sarpreet SINGH,30.6
IRN V NZL,New Zealand,11,Elijah JUST,31.4
IRN V NZL,New Zealand,13,Liberato CACACE,28.5
IRN V NZL,New Zealand,16,Finn SURMAN,31.7
IRN V NZL,New Zealand,19,Ben OLD,32.4
IRN V NZL,New Zealand,20,Callum McCOWATT,31.1
IRN V NZL,New Zealand,21,Jesse RANDALL,31.7
IRN V NZL,New Zealand,23,Ryan THOMAS,28.3
IRN V NZL,New Zealand,24,Callan ELLIOT,30.9
IRQ V NOR,Iraq,3,HUSSEIN ALI,31.7
IRQ V NOR,Iraq,4,ZAID TAHSEEN,31.9
IRQ V NOR,Iraq,5,AKAM HASHIM,31.4
IRQ V NOR,Iraq,8,IBRAHIM BAYESH,31.9
IRQ V NOR,Iraq,9,ALI ALHAMADI,33.5
IRQ V NOR,Iraq,10,MOHANAD ALI,28.9
IRQ V NOR,Iraq,11,AHMED QASEM,28.0
IRQ V NOR,Iraq,12,JALAL HASSAN,24.2
IRQ V NOR,Iraq,14,ZIDANE IQBAL,28.2
IRQ V NOR,Iraq,16,AMIR ALAMMARI,30.2
IRQ V NOR,Iraq,17,ALI JASIM,28.9
IRQ V NOR,Iraq,18,AYMEN HUSSEIN,29.7
IRQ V NOR,Iraq,21,MARKO FARJI,31.9
IRQ V NOR,Iraq,23,MERCHAS DOSKI,30.9
IRQ V NOR,Iraq,24,ZAID ISMAEL,28.6
IRQ V NOR,Iraq,25,MUSTAFA SAADOON,31.6
IRQ V NOR,Norway,1,Orjan NYLAND,19.8
IRQ V NOR,Norway,3,Kristoffer AJER,31.8
IRQ V NOR,Norway,4,Leo OSTIGARD,26.8
IRQ V NOR,Norway,5,David MOLLER WOLFE,33.4
IRQ V NOR,Norway,6,Patrick BERG,26.4
IRQ V NOR,Norway,7,Alexander SORLOTH,32.7
IRQ V NOR,Norway,8,Sander BERGE,28.4
IRQ V NOR,Norway,9,Erling HAALAND,36.5
IRQ V NOR,Norway,10,Martin ODEGAARD,30.0
IRQ V NOR,Norway,14,Fredrik AURSNES,30.4
IRQ V NOR,Norway,17,Torbjorn HEGGEM,31.0
IRQ V NOR,Norway,18,Kristian THORSTVEDT,26.5
IRQ V NOR,Norway,20,Antonio NUSA,31.6
IRQ V NOR,Norway,21,Andreas SCHJELDERUP,32.8
IRQ V NOR,Norway,22,Oscar BOBB,33.4
IRQ V NOR,Norway,26,Julian RYERSON,30.2
JOR V ALG,Algeria,2,Aissa MANDI,30.0
JOR V ALG,Algeria,5,Zineddine BELAID,27.2
JOR V ALG,Algeria,6,Ramiz ZERROUKI,30.0
JOR V ALG,Algeria,7,Riyad MAHREZ,31.2
JOR V ALG,Algeria,9,Amine GOUIRI,29.5
JOR V ALG,Algeria,10,Fares CHAIBI,30.9
JOR V ALG,Algeria,11,Anis HADJ MOUSSA,29.4
JOR V ALG,Algeria,12,Nadhir BENBOUALI,30.1
JOR V ALG,Algeria,13,Jaouen HADJAM,27.0
JOR V ALG,Algeria,14,Hicham BOUDAOUI,29.8
JOR V ALG,Algeria,15,Rayan AIT,33.5
JOR V ALG,Algeria,17,Rafik BELGHALI,30.1
JOR V ALG,Algeria,19,Nabil BENTALEB,29.7
JOR V ALG,Algeria,21,Ramy BENSEBAINI,33.3
JOR V ALG,Algeria,22,Ibrahim MAZA,32.7
JOR V ALG,Algeria,23,Luca ZIDANE,27.8
JOR V ALG,Jordan,1,YAZEED ABULAILA,23.5
JOR V ALG,Jordan,2,MOHAMMAD ABUHASHEESH,27.6
JOR V ALG,Jordan,3,ABDALLAH NASIB,31.4
JOR V ALG,Jordan,4,HUSAM ABUDAHAB,32.0
JOR V ALG,Jordan,5,YAZAN ALARAB,30.8
JOR V ALG,Jordan,7,MOHAMMAD ABUZRAIQ,31.4
JOR V ALG,Jordan,8,NOOR ALRAWABDEH,32.3
JOR V ALG,Jordan,9,ALI OLWAN,32.6
JOR V ALG,Jordan,10,MOUSA ALTAMARI,34.6
JOR V ALG,Jordan,11,ODEH FAKHOURY,29.0
JOR V ALG,Jordan,13,MAHMOUD ALMARDI,28.9
JOR V ALG,Jordan,17,SALEEM OBAID,24.1
JOR V ALG,Jordan,20,MOHANNAD ABUTAHA,31.8
JOR V ALG,Jordan,21,NIZAR ALRASHDAN,31.1
JOR V ALG,Jordan,23,EHSAN HADDAD,30.9
JOR V ALG,Jordan,24,ALI AZAIZEH,29.9
JOR V ARG,Argentina,2,Marcos SENESI,32.5
JOR V ARG,Argentina,3,Nicolas TAGLIAFICO,30.6
JOR V ARG,Argentina,5,Leandro PAREDES,27.9
JOR V ARG,Argentina,8,Valentin BARCO,28.2
JOR V ARG,Argentina,9,Julian ALVAREZ,30.2
JOR V ARG,Argentina,10,Lionel MESSI,25.7
JOR V ARG,Argentina,11,Giovani LO CELSO,28.9
JOR V ARG,Argentina,14,Exequiel PALACIOS,32.5
JOR V ARG,Argentina,16,Thiago ALMADA,29.2
JOR V ARG,Argentina,17,Giuliano SIMEONE,35.2
JOR V ARG,Argentina,18,Nico PAZ,31.1
JOR V ARG,Argentina,19,Nicolas OTAMENDI,30.5
JOR V ARG,Argentina,20,Alexis MAC ALLISTER,26.4
JOR V ARG,Argentina,21,Jose Manuel LOPEZ,27.6
JOR V ARG,Argentina,22,Lautaro MARTINEZ,29.8
JOR V ARG,Argentina,23,Emiliano MARTINEZ,22.5
JOR V ARG,Jordan,1,YAZEED ABULAILA,22.5
JOR V ARG,Jordan,3,ABDALLAH NASIB,32.4
JOR V ARG,Jordan,4,HUSAM ABUDAHAB,32.4
JOR V ARG,Jordan,5,YAZAN ALARAB,30.8
JOR V ARG,Jordan,6,AMER JAMOUS,27.1
JOR V ARG,Jordan,7,MOHAMMAD ABUZRAIQ,26.7
JOR V ARG,Jordan,8,NOOR ALRAWABDEH,30.5
JOR V ARG,Jordan,9,ALI OLWAN,33.4
JOR V ARG,Jordan,10,MOUSA ALTAMARI,31.6
JOR V ARG,Jordan,11,ODEH FAKHOURY,32.9
JOR V ARG,Jordan,13,MAHMOUD ALMARDI,30.1
JOR V ARG,Jordan,17,SALEEM OBAID,24.0
JOR V ARG,Jordan,20,MOHANNAD ABUTAHA,30.0
JOR V ARG,Jordan,21,NIZAR ALRASHDAN,30.2
JOR V ARG,Jordan,23,EHSAN HADDAD,26.7
JOR V ARG,Jordan,24,ALI AZAIZEH,28.1
JPN V SWE,Japan,1,Zion SUZUKI,20.3
JPN V SWE,Japan,2,Yukinari SUGAWARA,28.9
JPN V SWE,Japan,3,Shogo TANIGUCHI,30.4
JPN V SWE,Japan,4,Kou ITAKURA,30.4
JPN V SWE,Japan,5,Yuto NAGATOMO,28.6
JPN V SWE,Japan,7,Ao TANAKA,29.9
JPN V SWE,Japan,10,Ritsu DOAN,30.7
JPN V SWE,Japan,11,Daizen MAEDA,35.0
JPN V SWE,Japan,13,Keito NAKAMURA,28.4
JPN V SWE,Japan,14,Junya ITO,33.3
JPN V SWE,Japan,15,Daichi KAMADA,27.5
JPN V SWE,Japan,16,Tsuyoshi WATANABE,27.7
JPN V SWE,Japan,18,Ayase UEDA,30.5
JPN V SWE,Japan,19,Koki OGAWA,25.7
JPN V SWE,Japan,20,Ayumu SEKO,29.2
JPN V SWE,Japan,21,Hiroki ITO,32.9
JPN V SWE,Sweden,1,Jacob WIDELL ZETTERSTROM,23.6
JPN V SWE,Sweden,2,Gustaf LAGERBIELKE,29.5
JPN V SWE,Sweden,3,Victor LINDELOF,28.8
JPN V SWE,Sweden,4,Isak HIEN,30.9
JPN V SWE,Sweden,5,Gabriel GUDMUNDSSON,33.7
JPN V SWE,Sweden,7,Lucas BERGVALL,32.6
JPN V SWE,Sweden,8,Daniel SVENSSON,27.9
JPN V SWE,Sweden,9,Alexander ISAK,29.7
JPN V SWE,Sweden,10,Benjamin NYGREN,27.5
JPN V SWE,Sweden,11,Anthony ELANGA,34.9
JPN V SWE,Sweden,13,Ken SEMA,27.7
JPN V SWE,Sweden,15,Carl STARFELT,26.3
JPN V SWE,Sweden,17,Viktor GYOKERES,34.7
JPN V SWE,Sweden,18,Yasin AYARI,29.0
JPN V SWE,Sweden,21,Alexander BERNHARDSSON,29.8
JPN V SWE,Sweden,24,Elliot STROUD,30.3
KOR V CZE,Czechia,1,Matej KOVAR,22.3
KOR V CZE,Czechia,4,Robin HRANAC,29.3
KOR V CZE,Czechia,5,Vladimir COUFAL,30.6
KOR V CZE,Czechia,6,Stepan CHALOUPEK,34.0
KOR V CZE,Czechia,7,Ladislav KREJCI,26.5
KOR V CZE,Czechia,9,Adam HLOZEK,30.8
KOR V CZE,Czechia,10,Patrik SCHICK,28.9
KOR V CZE,Czechia,13,Mojmir CHYTIL,29.7
KOR V CZE,Czechia,15,Pavel SULC,31.2
KOR V CZE,Czechia,17,Lukas PROVOD,33.3
KOR V CZE,Czechia,18,Michal SADILEK,29.3
KOR V CZE,Czechia,19,Tomas CHORY,28.3
KOR V CZE,Czechia,20,Jaroslav ZELENY,30.4
KOR V CZE,Czechia,22,Tomas SOUCEK,27.5
KOR V CZE,Czechia,24,Alexandr SOJKA,29.9
KOR V CZE,Korea Republic,1,KIM Seunggyu,26.9
KOR V CZE,Korea Republic,2,LEE Hanbeom,30.1
KOR V CZE,Korea Republic,3,LEE Gihyuk,29.2
KOR V CZE,Korea Republic,4,KIM Minjae,31.9
KOR V CZE,Korea Republic,6,HWANG Inbeom,28.5
KOR V CZE,Korea Republic,7,SON Heungmin,35.2
KOR V CZE,Korea Republic,8,PAIK Seungho,29.3
KOR V CZE,Korea Republic,10,LEE Jaesung,29.2
KOR V CZE,Korea Republic,11,HWANG Heechan,29.9
KOR V CZE,Korea Republic,13,LEE Taeseok,31.9
KOR V CZE,Korea Republic,16,PARK Jinseob,25.7
KOR V CZE,Korea Republic,18,OH Hyeongyu,29.1
KOR V CZE,Korea Republic,19,LEE Kangin,28.8
KOR V CZE,Korea Republic,22,SEOL Youngwoo,31.8
KOR V CZE,Korea Republic,24,KIM Jingyu,29.6
KOR V CZE,Korea Republic,25,EOM Jisung,30.6
KSA V URU,Saudi Arabia,3,ALI LAJAMI,25.8
KSA V URU,Saudi Arabia,4,ABDULELAH ALAMRI,28.8
KSA V URU,Saudi Arabia,5,HASSAN ALTAMBAKTI,30.8
KSA V URU,Saudi Arabia,6,NASSER ALDAWSARI,30.2
KSA V URU,Saudi Arabia,7,MUSAB ALJUWAYR,26.5
KSA V URU,Saudi Arabia,9,FERAS ALBRIKAN,28.6
KSA V URU,Saudi Arabia,10,SALEM ALDAWSARI,32.9
KSA V URU,Saudi Arabia,12,SAUD ABDULHAMID,31.6
KSA V URU,Saudi Arabia,13,NAWAF BU WASHL,30.0
KSA V URU,Saudi Arabia,15,ABDULLAH ALKHAIBARI,27.8
KSA V URU,Saudi Arabia,18,ALA ALHAJJI,25.6
KSA V URU,Saudi Arabia,19,ABDULLAH ALHAMDDAN,29.7
KSA V URU,Saudi Arabia,21,MOHAMMED ALOWAIS,18.5
KSA V URU,Saudi Arabia,23,MOHAMED KANNO,31.8
KSA V URU,Saudi Arabia,24,MOTEB ALHARBI,33.8
KSA V URU,Saudi Arabia,26,MOHAMMED ABU ALSHAMAT,31.2
KSA V URU,Uruguay,3,Sebastian CACERES,32.4
KSA V URU,Uruguay,5,Manuel UGARTE,31.8
KSA V URU,Uruguay,6,Rodrigo BENTANCUR,30.4
KSA V URU,Uruguay,7,Nicolas DE LA CRUZ,27.7
KSA V URU,Uruguay,8,Federico VALVERDE,33.3
KSA V URU,Uruguay,9,Darwin NUNEZ,34.6
KSA V URU,Uruguay,13,Guillermo VARELA,33.3
KSA V URU,Uruguay,14,Agustin CANOBBIO,27.8
KSA V URU,Uruguay,16,Mathias OLIVERA,28.2
KSA V URU,Uruguay,17,Matias VINA,30.5
KSA V URU,Uruguay,18,Brian RODRIGUEZ,31.8
KSA V URU,Uruguay,19,Rodrigo AGUIRRE,30.6
KSA V URU,Uruguay,20,Maxi ARAUJO,32.4
KSA V URU,Uruguay,21,Federico VINAS,31.0
KSA V URU,Uruguay,23,Fernando MUSLERA,29.7
KSA V URU,Uruguay,25,Juan Manuel SANABRIA,32.6
MAR V HAI,Haiti,1,Johny PLACIDE,23.6
MAR V HAI,Haiti,2,Carlens ARCUS,30.2
MAR V HAI,Haiti,4,Ricardo ADE,30.7
MAR V HAI,Haiti,5,Hannes DELCROIX,31.9
MAR V HAI,Haiti,8,Martin EXPERIENCE,31.7
MAR V HAI,Haiti,9,Duckens NAZON,27.7
MAR V HAI,Haiti,10,Jean-Ricner BELLEGARDE,31.7
MAR V HAI,Haiti,11,Louicius DEEDSON,31.4
MAR V HAI,Haiti,15,Ruben PROVIDENCE,33.9
MAR V HAI,Haiti,16,Lenny JOSEPH,32.2
MAR V HAI,Haiti,17,Danley JEAN JACQUES,32.2
MAR V HAI,Haiti,18,Wilson ISIDOR,33.7
MAR V HAI,Haiti,20,Frantzdy PIERROT,26.4
MAR V HAI,Haiti,21,Josue CASIMIR,33.5
MAR V HAI,Haiti,22,Jean-Kevin DUVERNE,33.5
MAR V HAI,Haiti,25,Dominique SIMON,26.0
MAR V HAI,Morocco,1,Yassine BOUNOU,17.2
MAR V HAI,Morocco,2,Achraf HAKIMI,34.4
MAR V HAI,Morocco,3,Noussair MAZRAOUI,23.8
MAR V HAI,Morocco,4,Sofyan AMRABAT,32.4
MAR V HAI,Morocco,8,Azzedine OUNAHI,28.1
MAR V HAI,Morocco,9,Soufiane RAHIMI,29.8
MAR V HAI,Morocco,10,Brahim DIAZ,32.4
MAR V HAI,Morocco,11,Ismael SAIBARI,32.5
MAR V HAI,Morocco,15,Samir EL MOURABET,27.2
MAR V HAI,Morocco,16,Gessime YASSINE,26.2
MAR V HAI,Morocco,18,Chadi RIAD,32.2
MAR V HAI,Morocco,20,Ayoub EL KAABI,32.3
MAR V HAI,Morocco,23,Bilal EL KHANNOUSS,30.1
MAR V HAI,Morocco,24,Neil EL AYNAOUI,34.1
MAR V HAI,Morocco,25,Redouane HALHAL,32.8
MAR V HAI,Morocco,26,Anass SALAH EDDINE,32.4
MEX V KOR,Korea Republic,1,KIM Seunggyu,25.1
MEX V KOR,Korea Republic,2,LEE Hanbeom,32.1
MEX V KOR,Korea Republic,3,LEE Gihyuk,31.6
MEX V KOR,Korea Republic,4,KIM Minjae,34.4
MEX V KOR,Korea Republic,6,HWANG Inbeom,30.6
MEX V KOR,Korea Republic,7,SON Heungmin,33.7
MEX V KOR,Korea Republic,8,PAIK Seungho,28.9
MEX V KOR,Korea Republic,9,CHO Guesung,26.7
MEX V KOR,Korea Republic,10,LEE Jaesung,29.4
MEX V KOR,Korea Republic,11,HWANG Heechan,30.0
MEX V KOR,Korea Republic,15,KIM Moonhwan,32.1
MEX V KOR,Korea Republic,18,OH Hyeongyu,29.6
MEX V KOR,Korea Republic,19,LEE Kangin,26.4
MEX V KOR,Korea Republic,20,YANG Hyunjun,32.9
MEX V KOR,Korea Republic,22,SEOL Youngwoo,33.5
MEX V KOR,Korea Republic,25,EOM Jisung,30.9
MEX V KOR,Mexico,1,Raul RANGEL,20.1
MEX V KOR,Mexico,2,Jorge SANCHEZ,30.6
MEX V KOR,Mexico,4,Edson ALVAREZ,30.8
MEX V KOR,Mexico,5,Johan VASQUEZ,27.9
MEX V KOR,Mexico,6,Erik LIRA,30.5
MEX V KOR,Mexico,7,Luis ROMO,28.9
MEX V KOR,Mexico,9,Raul JIMENEZ,31.2
MEX V KOR,Mexico,11,Santiago GIMENEZ,30.9
MEX V KOR,Mexico,15,Israel REYES,22.9
MEX V KOR,Mexico,16,Julian QUINONES,32.1
MEX V KOR,Mexico,17,Orbelin PINEDA,31.3
MEX V KOR,Mexico,18,Obed VARGAS,31.5
MEX V KOR,Mexico,21,Cesar HUERTA,28.4
MEX V KOR,Mexico,23,Jesus GALLARDO,31.3
MEX V KOR,Mexico,25,Roberto ALVARADO,33.2
MEX V KOR,Mexico,26,Brian GUTIERREZ,30.7
MEX V RSA,Mexico,1,Raul RANGEL,23.2
MEX V RSA,Mexico,3,Cesar MONTES,30.1
MEX V RSA,Mexico,4,Edson ALVAREZ,31.5
MEX V RSA,Mexico,5,Johan VASQUEZ,27.9
MEX V RSA,Mexico,6,Erik LIRA,31.4
MEX V RSA,Mexico,8,Alvaro FIDALGO,30.8
MEX V RSA,Mexico,9,Raul JIMENEZ,33.3
MEX V RSA,Mexico,10,Alexis VEGA,28.0
MEX V RSA,Mexico,14,Armando GONZALEZ,32.0
MEX V RSA,Mexico,15,Israel REYES,30.0
MEX V RSA,Mexico,16,Julian QUINONES,32.9
MEX V RSA,Mexico,19,Gilberto MORA,27.1
MEX V RSA,Mexico,23,Jesus GALLARDO,30.3
MEX V RSA,Mexico,24,Luis CHAVEZ,27.1
MEX V RSA,Mexico,25,Roberto ALVARADO,32.2
MEX V RSA,Mexico,26,Brian GUTIERREZ,31.7
MEX V RSA,South Africa,1,Ronwen WILLIAMS,23.6
MEX V RSA,South Africa,4,Teboho MOKOENA,31.4
MEX V RSA,South Africa,5,Thalente MBATHA,34.4
MEX V RSA,South Africa,6,Aubrey MODIBA,27.8
MEX V RSA,South Africa,7,Oswin APPOLLIS,29.9
MEX V RSA,South Africa,9,Lyle FOSTER,31.2
MEX V RSA,South Africa,11,Themba ZWANE,27.4
MEX V RSA,South Africa,13,Sphephelo SITHOLE,31.2
MEX V RSA,South Africa,14,Mbekezeli MBOKAZI,31.5
MEX V RSA,South Africa,15,Iqraam RAYNERS,34.1
MEX V RSA,South Africa,17,Evidence MAKGOPA,32.4
MEX V RSA,South Africa,19,Nkosinathi SIBISI,29.9
MEX V RSA,South Africa,20,Khuliso MUDAU,33.3
MEX V RSA,South Africa,21,Ime OKON,31.6
MEX V RSA,South Africa,23,Jayden ADAMS,27.8
NED V JPN,Japan,1,Zion SUZUKI,20.2
NED V JPN,Japan,2,Yukinari SUGAWARA,28.5
NED V JPN,Japan,3,Shogo TANIGUCHI,30.8
NED V JPN,Japan,8,Takefusa KUBO,31.2
NED V JPN,Japan,10,Ritsu DOAN,30.8
NED V JPN,Japan,11,Daizen MAEDA,33.5
NED V JPN,Japan,13,Keito NAKAMURA,29.6
NED V JPN,Japan,14,Junya ITO,33.0
NED V JPN,Japan,15,Daichi KAMADA,31.4
NED V JPN,Japan,16,Tsuyoshi WATANABE,32.9
NED V JPN,Japan,18,Ayase UEDA,29.0
NED V JPN,Japan,19,Koki OGAWA,28.1
NED V JPN,Japan,21,Hiroki ITO,32.0
NED V JPN,Japan,22,Takehiro TOMIYASU,24.1
NED V JPN,Japan,24,Kaishu SANO,29.3
NED V JPN,Japan,26,Kento SHIOGAI,32.8
NED V JPN,Netherlands,1,Bart VERBRUGGEN,24.2
NED V JPN,Netherlands,4,Virgil VAN DIJK,32.9
NED V JPN,Netherlands,5,Nathan AKE,30.5
NED V JPN,Netherlands,6,Jan Paul VAN HECKE,31.2
NED V JPN,Netherlands,8,Ryan GRAVENBERCH,35.6
NED V JPN,Netherlands,10,Memphis DEPAY,31.3
NED V JPN,Netherlands,11,Cody GAKPO,32.2
NED V JPN,Netherlands,14,Tijjani REIJNDERS,29.8
NED V JPN,Netherlands,15,Micky VAN DE VEN,32.4
NED V JPN,Netherlands,18,Donyell MALEN,29.0
NED V JPN,Netherlands,19,Brian BROBBEY,25.5
NED V JPN,Netherlands,20,Teun KOOPMEINERS,29.7
NED V JPN,Netherlands,21,Frenkie DE JONG,29.3
NED V JPN,Netherlands,22,Denzel DUMFRIES,31.1
NED V JPN,Netherlands,24,Crysencio SUMMERVILLE,34.3
NED V JPN,Netherlands,26,Quinten TIMBER,30.7
NED V SWE,Netherlands,1,Bart VERBRUGGEN,19.0
NED V SWE,Netherlands,4,Virgil VAN DIJK,32.3
NED V SWE,Netherlands,6,Jan Paul VAN HECKE,31.5
NED V SWE,Netherlands,8,Ryan GRAVENBERCH,31.4
NED V SWE,Netherlands,10,Memphis DEPAY,30.6
NED V SWE,Netherlands,11,Cody GAKPO,32.2
NED V SWE,Netherlands,14,Tijjani REIJNDERS,30.1
NED V SWE,Netherlands,15,Micky VAN DE VEN,36.8
NED V SWE,Netherlands,16,Guus TIL,30.0
NED V SWE,Netherlands,17,Noa LANG,28.7
NED V SWE,Netherlands,18,Donyell MALEN,31.6
NED V SWE,Netherlands,19,Brian BROBBEY,31.8
NED V SWE,Netherlands,20,Teun KOOPMEINERS,29.3
NED V SWE,Netherlands,21,Frenkie DE JONG,30.4
NED V SWE,Netherlands,22,Denzel DUMFRIES,30.8
NED V SWE,Netherlands,24,Crysencio SUMMERVILLE,31.6
NED V SWE,Sweden,2,Gustaf LAGERBIELKE,30.3
NED V SWE,Sweden,3,Victor LINDELOF,28.6
NED V SWE,Sweden,4,Isak HIEN,33.5
NED V SWE,Sweden,5,Gabriel GUDMUNDSSON,31.4
NED V SWE,Sweden,7,Lucas BERGVALL,32.3
NED V SWE,Sweden,9,Alexander ISAK,32.2
NED V SWE,Sweden,10,Benjamin NYGREN,30.9
NED V SWE,Sweden,11,Anthony ELANGA,36.5
NED V SWE,Sweden,16,Jesper KARLSTROM,31.3
NED V SWE,Sweden,17,Viktor GYOKERES,33.3
NED V SWE,Sweden,18,Yasin AYARI,30.7
NED V SWE,Sweden,21,Alexander BERNHARDSSON,31.1
NED V SWE,Sweden,22,Besfort ZENELI,30.0
NED V SWE,Sweden,23,Kristoffer NORDFELDT,18.6
NED V SWE,Sweden,24,Elliot STROUD,29.2
NED V SWE,Sweden,26,Taha ALI,29.2
NOR V FRA,France,2,Malo GUSTO,23.4
NOR V FRA,France,4,Dayot UPAMECANO,31.9
NOR V FRA,France,5,Jules KOUNDE,32.8
NOR V FRA,France,6,Manu KONE,27.5
NOR V FRA,France,7,Ousmane DEMBELE,28.4
NOR V FRA,France,8,Aurelien TCHOUAMENI,29.8
NOR V FRA,France,10,Kylian MBAPPE,37.6
NOR V FRA,France,11,Michael OLISE,33.4
NOR V FRA,France,12,Bradley BARCOLA,36.3
NOR V FRA,France,15,Ibrahima KONATE,24.7
NOR V FRA,France,16,Mike MAIGNAN,21.7
NOR V FRA,France,19,Theo HERNANDEZ,33.6
NOR V FRA,France,20,Desire DOUE,32.3
NOR V FRA,France,22,Jean-Philippe MATETA,28.8
NOR V FRA,France,24,Rayan CHERKI,29.4
NOR V FRA,France,26,Maxence LACROIX,29.1
NOR V FRA,Norway,2,Morten THORSBY,29.8
NOR V FRA,Norway,4,Leo OSTIGARD,31.8
NOR V FRA,Norway,6,Patrick BERG,31.9
NOR V FRA,Norway,11,Jorgen STRAND LARSEN,30.6
NOR V FRA,Norway,13,Egil SELVIK,22.5
NOR V FRA,Norway,14,Fredrik AURSNES,32.9
NOR V FRA,Norway,15,Fredrik Andre BJORKAN,31.0
NOR V FRA,Norway,16,Marcus HOLMGREN PEDERSEN,35.6
NOR V FRA,Norway,18,Kristian THORSTVEDT,27.9
NOR V FRA,Norway,19,Thelo AASGAARD,29.1
NOR V FRA,Norway,20,Antonio NUSA,30.4
NOR V FRA,Norway,21,Andreas SCHJELDERUP,27.7
NOR V FRA,Norway,22,Oscar BOBB,34.2
NOR V FRA,Norway,23,Jens Petter HAUGE,29.2
NOR V FRA,Norway,24,Sondre LANGAS,35.5
NOR V FRA,Norway,25,Henrik FALCHENER,33.2
NOR V SEN,Norway,1,Orjan NYLAND,27.6
NOR V SEN,Norway,3,Kristoffer AJER,30.9
NOR V SEN,Norway,4,Leo OSTIGARD,21.3
NOR V SEN,Norway,5,David MOLLER WOLFE,32.2
NOR V SEN,Norway,6,Patrick BERG,29.7
NOR V SEN,Norway,7,Alexander SORLOTH,32.4
NOR V SEN,Norway,8,Sander BERGE,30.4
NOR V SEN,Norway,9,Erling HAALAND,35.2
NOR V SEN,Norway,10,Martin ODEGAARD,32.0
NOR V SEN,Norway,14,Fredrik AURSNES,30.1
NOR V SEN,Norway,16,Marcus HOLMGREN PEDERSEN,33.4
NOR V SEN,Norway,17,Torbjorn HEGGEM,28.8
NOR V SEN,Norway,20,Antonio NUSA,33.4
NOR V SEN,Norway,21,Andreas SCHJELDERUP,29.5
NOR V SEN,Norway,22,Oscar BOBB,27.0
NOR V SEN,Norway,26,Julian RYERSON,27.7
NOR V SEN,Senegal,3,Kalidou KOULIBALY,29.8
NOR V SEN,Senegal,5,Idrissa Gana GUEYE,29.9
NOR V SEN,Senegal,6,Pathe CISS,25.2
NOR V SEN,Senegal,8,Lamine CAMARA,30.6
NOR V SEN,Senegal,10,Sadio MANE,29.6
NOR V SEN,Senegal,11,Nicolas JACKSON,31.7
NOR V SEN,Senegal,14,Ismail JAKOBS,31.6
NOR V SEN,Senegal,15,Krepin DIATTA,31.1
NOR V SEN,Senegal,16,Edouard MENDY,20.5
NOR V SEN,Senegal,17,Pape Matar SARR,28.2
NOR V SEN,Senegal,18,Ismaila SARR,34.5
NOR V SEN,Senegal,19,Moussa NIAKHATE,30.9
NOR V SEN,Senegal,20,Ibrahim MBAYE,34.7
NOR V SEN,Senegal,23,Mory DIAW,19.5
NOR V SEN,Senegal,25,El Hadji Malick DIOUF,31.0
NOR V SEN,Senegal,26,Pape GUEYE,31.5
NZL V BEL,Belgium,1,Thibaut COURTOIS,26.5
NZL V BEL,Belgium,3,Arthur THEATE,31.5
NZL V BEL,Belgium,4,Brandon MECHELE,28.4
NZL V BEL,Belgium,5,Maxim DE CUYPER,31.5
NZL V BEL,Belgium,7,Kevin DE BRUYNE,31.7
NZL V BEL,Belgium,8,Youri TIELEMANS,29.8
NZL V BEL,Belgium,9,Romelu LUKAKU,30.9
NZL V BEL,Belgium,10,Leandro TROSSARD,33.2
NZL V BEL,Belgium,11,Jeremy DOKU,34.7
NZL V BEL,Belgium,17,Charles DE KETELAERE,31.8
NZL V BEL,Belgium,20,Hans VANAKEN,29.5
NZL V BEL,Belgium,21,Timothy CASTAGNE,32.6
NZL V BEL,Belgium,22,Alexis SAELEMAEKERS,32.3
NZL V BEL,Belgium,23,Nicolas RASKIN,25.4
NZL V BEL,Belgium,24,Amadou ONANA,30.4
NZL V BEL,Belgium,26,Matias FERNANDEZ,34.8
NZL V BEL,New Zealand,1,Max CROCOMBE,19.3
NZL V BEL,New Zealand,2,Tim PAYNE,33.7
NZL V BEL,New Zealand,3,Francis DE VRIES,32.3
NZL V BEL,New Zealand,4,Tyler BINDON,29.8
NZL V BEL,New Zealand,5,Michael BOXALL,32.9
NZL V BEL,New Zealand,6,Joe BELL,28.2
NZL V BEL,New Zealand,8,Marko STAMENIC,29.7
NZL V BEL,New Zealand,9,Chris WOOD,30.0
NZL V BEL,New Zealand,10,Sarpreet SINGH,27.9
NZL V BEL,New Zealand,11,Elijah JUST,30.3
NZL V BEL,New Zealand,13,Liberato CACACE,29.7
NZL V BEL,New Zealand,16,Finn SURMAN,32.3
NZL V BEL,New Zealand,19,Ben OLD,32.2
NZL V BEL,New Zealand,20,Callum McCOWATT,27.5
NZL V BEL,New Zealand,21,Jesse RANDALL,33.5
NZL V BEL,New Zealand,23,Ryan THOMAS,29.1
NZL V EGY,Egypt,2,YASSER IBRAHIM,30.7
NZL V EGY,Egypt,3,MOHAMED HANY,30.3
NZL V EGY,Egypt,4,HOSSAM ABDELMAGUID,27.5
NZL V EGY,Egypt,5,RAMY RABIA,31.2
NZL V EGY,Egypt,6,MOHAMED ABDELMONEIM,26.1
NZL V EGY,Egypt,7,TREZEGUET,32.7
NZL V EGY,Egypt,8,EMAM ASHOUR,30.8
NZL V EGY,Egypt,9,HAMZA ABDELKARIM,29.1
NZL V EGY,Egypt,10,MOHAMED SALAH,33.1
NZL V EGY,Egypt,11,MOSTAFA ZICO,31.0
NZL V EGY,Egypt,13,AHMED FATOUH,30.7
NZL V EGY,Egypt,14,HAMDY FATHY,29.2
NZL V EGY,Egypt,17,MOHANAD LASHIN,31.5
NZL V EGY,Egypt,19,MARAWAN ATTIA,30.6
NZL V EGY,Egypt,22,OMAR MARMOUSH,34.4
NZL V EGY,Egypt,23,MOSTAFA SHOUBIR,22.8
NZL V EGY,Egypt,25,ZIZO,32.6
NZL V EGY,New Zealand,1,Max CROCOMBE,20.0
NZL V EGY,New Zealand,2,Tim PAYNE,29.4
NZL V EGY,New Zealand,3,Francis DE VRIES,31.8
NZL V EGY,New Zealand,4,Tyler BINDON,31.7
NZL V EGY,New Zealand,5,Michael BOXALL,32.5
NZL V EGY,New Zealand,6,Joe BELL,28.2
NZL V EGY,New Zealand,8,Marko STAMENIC,31.5
NZL V EGY,New Zealand,9,Chris WOOD,31.9
NZL V EGY,New Zealand,10,Sarpreet SINGH,31.5
NZL V EGY,New Zealand,11,Elijah JUST,31.6
NZL V EGY,New Zealand,13,Liberato CACACE,29.7
NZL V EGY,New Zealand,16,Finn SURMAN,33.2
NZL V EGY,New Zealand,19,Ben OLD,30.8
NZL V EGY,New Zealand,20,Callum McCOWATT,31.7
NZL V EGY,New Zealand,21,Jesse RANDALL,34.6
NZL V EGY,New Zealand,23,Ryan THOMAS,30.5
PAN V CRO,Croatia,1,Dominik LIVAKOVIC,22.9
PAN V CRO,Croatia,2,Josip STANISIC,33.7
PAN V CRO,Croatia,3,Marin PONGRACIC,32.2
PAN V CRO,Croatia,4,Josko GVARDIOL,33.2
PAN V CRO,Croatia,6,Josip SUTALO,32.3
PAN V CRO,Croatia,8,Mateo KOVACIC,31.7
PAN V CRO,Croatia,9,Andrej KRAMARIC,30.3
PAN V CRO,Croatia,10,Luka MODRIC,30.0
PAN V CRO,Croatia,11,Ante BUDIMIR,31.0
PAN V CRO,Croatia,14,Ivan PERISIC,32.2
PAN V CRO,Croatia,15,Mario PASALIC,26.7
PAN V CRO,Croatia,16,Martin BATURINA,33.6
PAN V CRO,Croatia,17,Petar SUCIC,31.6
PAN V CRO,Croatia,21,Luka SUCIC,29.8
PAN V CRO,Croatia,24,Marco PASALIC,33.3
PAN V CRO,Croatia,26,Petar MUSA,27.8
PAN V CRO,Panama,2,Cesar BLACKMAN,32.9
PAN V CRO,Panama,3,Jose CORDOBA,31.6
PAN V CRO,Panama,6,Cristian MARTINEZ,30.9
PAN V CRO,Panama,7,Jose Luis RODRIGUEZ,32.3
PAN V CRO,Panama,9,Tomas RODRIGUEZ,30.7
PAN V CRO,Panama,11,Edgar Yoel BARCENAS,29.5
PAN V CRO,Panama,13,Jiovany RAMOS,29.6
PAN V CRO,Panama,14,Carlos HARVEY,28.7
PAN V CRO,Panama,15,Eric DAVIS,26.0
PAN V CRO,Panama,16,Andres ANDRADE,32.6
PAN V CRO,Panama,17,Jose FAJARDO,33.2
PAN V CRO,Panama,18,Cecilio WATERMAN,30.3
PAN V CRO,Panama,22,Orlando MOSQUERA,24.2
PAN V CRO,Panama,23,Amir MURILLO,34.1
PAN V CRO,Panama,24,Azarias LONDONO,27.1
PAN V ENG,England,1,Jordan PICKFORD,21.3
PAN V ENG,England,2,Ezri KONSA,32.2
PAN V ENG,England,3,Nico OREILLY,32.9
PAN V ENG,England,6,Marc GUEHI,32.9
PAN V ENG,England,7,Bukayo SAKA,31.5
PAN V ENG,England,8,Elliot ANDERSON,29.9
PAN V ENG,England,9,Harry KANE,29.1
PAN V ENG,England,10,Jude BELLINGHAM,31.5
PAN V ENG,England,11,Marcus RASHFORD,33.5
PAN V ENG,England,14,Jordan HENDERSON,28.3
PAN V ENG,England,17,Morgan ROGERS,33.4
PAN V ENG,England,19,Ollie WATKINS,30.8
PAN V ENG,England,20,Noni MADUEKE,34.3
PAN V ENG,England,21,Eberechi EZE,31.9
PAN V ENG,England,25,Djed SPENCE,33.6
PAN V ENG,England,26,Jarell QUANSAH,33.3
PAN V ENG,Panama,3,Jose CORDOBA,32.0
PAN V ENG,Panama,4,Fidel ESCOBAR,30.2
PAN V ENG,Panama,6,Cristian MARTINEZ,31.9
PAN V ENG,Panama,7,Jose Luis RODRIGUEZ,30.9
PAN V ENG,Panama,9,Tomas RODRIGUEZ,31.4
PAN V ENG,Panama,10,Ismael DIAZ,31.8
PAN V ENG,Panama,11,Edgar Yoel BARCENAS,31.4
PAN V ENG,Panama,14,Carlos HARVEY,32.8
PAN V ENG,Panama,15,Eric DAVIS,26.9
PAN V ENG,Panama,16,Andres ANDRADE,33.2
PAN V ENG,Panama,17,Jose FAJARDO,30.1
PAN V ENG,Panama,19,Alberto QUINTERO,29.5
PAN V ENG,Panama,22,Orlando MOSQUERA,24.3
PAN V ENG,Panama,23,Amir MURILLO,32.9
PAN V ENG,Panama,24,Azarias LONDONO,32.7
PAN V ENG,Panama,26,Jorge GUTIERREZ,30.2
PAR V AUS,Australia,3,Alessandro CIRCATI,30.1
PAR V AUS,Australia,5,Jordan BOS,31.1
PAR V AUS,Australia,8,Connor METCALFE,30.9
PAR V AUS,Australia,10,Ajdin HRUSTIC,29.0
PAR V AUS,Australia,13,Aiden ONEILL,30.2
PAR V AUS,Australia,16,Aziz BEHICH,32.0
PAR V AUS,Australia,17,Nestory IRANKUNDA,35.1
PAR V AUS,Australia,18,Patrick BEACH,21.8
PAR V AUS,Australia,19,Harry SOUTTAR,26.0
PAR V AUS,Australia,20,Cristian VOLPATO,29.7
PAR V AUS,Australia,22,Jackson IRVINE,29.9
PAR V AUS,Australia,24,Paul OKON,23.4
PAR V AUS,Australia,25,Lucas HERRINGTON,27.2
PAR V AUS,Australia,26,Tete YENGI,23.9
PAR V AUS,Paraguay,2,Gustavo VELAZQUEZ,28.4
PAR V AUS,Paraguay,3,Omar ALDERETE,32.1
PAR V AUS,Paraguay,4,Juan Jose CACERES,32.3
PAR V AUS,Paraguay,6,Junior ALONSO,23.7
PAR V AUS,Paraguay,8,Diego GOMEZ,32.7
PAR V AUS,Paraguay,11,MAURICIO,29.8
PAR V AUS,Paraguay,12,Orlando GILL,20.4
PAR V AUS,Paraguay,13,Jose CANALE,19.4
PAR V AUS,Paraguay,14,Andres CUBAS,29.8
PAR V AUS,Paraguay,15,Gustavo GOMEZ,32.3
PAR V AUS,Paraguay,16,Damian BOBADILLA,25.4
PAR V AUS,Paraguay,18,Alex ARCE,29.6
PAR V AUS,Paraguay,19,Julio ENCISO,31.2
PAR V AUS,Paraguay,21,Gabriel AVALOS,29.6
PAR V AUS,Paraguay,23,Matias GALARZA,29.9
PAR V AUS,Paraguay,26,Alexandro MAIDANA,30.6
POR V COD,Congo DR,1,Lionel MPASI,24.4
POR V COD,Congo DR,2,Aaron WAN,31.6
POR V COD,Congo DR,3,Steve KAPUADI,32.8
POR V COD,Congo DR,4,Axel TUANZEBE,28.5
POR V COD,Congo DR,6,Ngalayel MUKAU,30.5
POR V COD,Congo DR,8,Samuel MOUTOUSSAMY,29.9
POR V COD,Congo DR,12,Joris KAYEMBE,25.5
POR V COD,Congo DR,14,Noah SADIKI,30.5
POR V COD,Congo DR,17,Cedric BAKAMBU,32.3
POR V COD,Congo DR,18,Charles PICKEL,33.2
POR V COD,Congo DR,20,Yoane WISSA,33.4
POR V COD,Congo DR,22,Chancel MBEMBA,32.2
POR V COD,Congo DR,23,Simon BANZA,29.0
POR V COD,Congo DR,24,Gedeon KALULU,28.0
POR V COD,Congo DR,25,Edo KAYEMBE,28.4
POR V COD,Congo DR,26,Arthur MASUAKU,32.5
POR V COD,Portugal,1,DIOGO COSTA,22.9
POR V COD,Portugal,2,NELSON SEMEDO,31.1
POR V COD,Portugal,4,TOMAS ARAUJO,29.4
POR V COD,Portugal,7,CRISTIANO RONALDO,30.7
POR V COD,Portugal,8,BRUNO FERNANDES,31.2
POR V COD,Portugal,9,GONCALO RAMOS,31.9
POR V COD,Portugal,10,BERNARDO SILVA,28.5
POR V COD,Portugal,13,RENATO VEIGA,32.4
POR V COD,Portugal,15,JOAO NEVES,29.2
POR V COD,Portugal,17,RAFAEL LEAO,30.1
POR V COD,Portugal,18,PEDRO NETO,34.8
POR V COD,Portugal,20,JOAO CANCELO,28.5
POR V COD,Portugal,23,VITINHA,31.4
POR V COD,Portugal,25,NUNO MENDES,31.5
POR V COD,Portugal,26,FRANCISCO CONCEICAO,32.9
POR V GHA,Portugal,1,DIOGO COSTA,24.1
POR V GHA,Portugal,2,NELSON SEMEDO,33.8
POR V GHA,Portugal,3,RUBEN DIAS,32.1
POR V GHA,Portugal,7,CRISTIANO RONALDO,31.6
POR V GHA,Portugal,8,BRUNO FERNANDES,31.0
POR V GHA,Portugal,10,BERNARDO SILVA,29.6
POR V GHA,Portugal,11,JOAO FELIX,32.0
POR V GHA,Portugal,13,RENATO VEIGA,27.3
POR V GHA,Portugal,15,JOAO NEVES,30.4
POR V GHA,Portugal,16,FRANCISCO TRINCAO,29.2
POR V GHA,Portugal,17,RAFAEL LEAO,30.8
POR V GHA,Portugal,18,PEDRO NETO,34.4
POR V GHA,Portugal,20,JOAO CANCELO,30.1
POR V GHA,Portugal,23,VITINHA,30.0
POR V GHA,Portugal,25,NUNO MENDES,34.3
POR V GHA,Portugal,26,FRANCISCO CONCEICAO,33.4
POR V GHA,Uzbekistan,2,Abdukodir KHUSANOV,35.6
POR V GHA,Uzbekistan,3,Khojiakbar ALIJONOV,32.4
POR V GHA,Uzbekistan,5,Rustam ASHURMATOV,30.8
POR V GHA,Uzbekistan,6,Akmal MOZGOVOY,32.2
POR V GHA,Uzbekistan,7,Otabek SHUKUROV,30.7
POR V GHA,Uzbekistan,9,Odiljon XAMROBEKOV,28.6
POR V GHA,Uzbekistan,10,Ruslanbek JIYANOV,29.4
POR V GHA,Uzbekistan,12,Abduvohid NEMATOV,25.1
POR V GHA,Uzbekistan,13,Sherzod NASRULLAEV,34.1
POR V GHA,Uzbekistan,14,Eldor SHOMURODOV,34.0
POR V GHA,Uzbekistan,18,Abdulla ABDULLAEV,32.5
POR V GHA,Uzbekistan,19,Azizjon GANIEV,29.9
POR V GHA,Uzbekistan,21,Igor SERGEEV,24.8
POR V GHA,Uzbekistan,22,Abbosbek FAYZULLAEV,31.7
POR V GHA,Uzbekistan,23,Sherzod ESANOV,26.8
POR V GHA,Uzbekistan,24,Behruzjon KARIMOV,30.9
QAT V SUI,Qatar,1,MAHMOUD ABUNADA,26.8
QAT V SUI,Qatar,2,PEDRO MIGUEL,31.6
QAT V SUI,Qatar,4,ISSA LAYE,29.4
QAT V SUI,Qatar,5,JASSEM GABER,27.6
QAT V SUI,Qatar,7,AHMED ALAAELDIN,31.7
QAT V SUI,Qatar,8,EDMILSON JUNIOR,31.5
QAT V SUI,Qatar,10,HASSAN ALHAYDOS,29.0
QAT V SUI,Qatar,11,AKRAM AFIF,32.4
QAT V SUI,Qatar,12,KARIM BOUDIAF,27.5
QAT V SUI,Qatar,13,AYOUB ALOUI,32.0
QAT V SUI,Qatar,14,HOMAM AHMED,32.6
QAT V SUI,Qatar,15,YUSUF ABDURISAG,30.4
QAT V SUI,Qatar,16,BOUALEM KHOUKHI,31.3
QAT V SUI,Qatar,20,AHMED FATHY,27.5
QAT V SUI,Qatar,23,ASSIM MADIBO,24.8
QAT V SUI,Qatar,26,MOHAMED MANAI,27.1
QAT V SUI,Switzerland,1,Gregor KOBEL,23.2
QAT V SUI,Switzerland,2,Miro MUHEIM,29.5
QAT V SUI,Switzerland,4,Nico ELVEDI,31.7
QAT V SUI,Switzerland,5,Manuel AKANJI,31.4
QAT V SUI,Switzerland,6,Denis ZAKARIA,33.0
QAT V SUI,Switzerland,7,Breel EMBOLO,32.8
QAT V SUI,Switzerland,8,Remo FREULER,28.6
QAT V SUI,Switzerland,9,Johan MANZAMBI,27.7
QAT V SUI,Switzerland,10,Granit XHAKA,28.9
QAT V SUI,Switzerland,11,Dan NDOYE,32.2
QAT V SUI,Switzerland,13,Ricardo RODRIGUEZ,28.5
QAT V SUI,Switzerland,14,Ardon JASHARI,24.1
QAT V SUI,Switzerland,17,Ruben VARGAS,31.8
QAT V SUI,Switzerland,20,Michel AEBISCHER,29.6
QAT V SUI,Switzerland,22,Fabian RIEDER,28.2
QAT V SUI,Switzerland,23,Zeki AMDOUNI,27.0
RSA V KOR,Korea Republic,1,KIM Seunggyu,23.5
RSA V KOR,Korea Republic,2,LEE Hanbeom,32.3
RSA V KOR,Korea Republic,3,LEE Gihyuk,32.8
RSA V KOR,Korea Republic,4,KIM Minjae,33.4
RSA V KOR,Korea Republic,6,HWANG Inbeom,29.8
RSA V KOR,Korea Republic,7,SON Heungmin,32.1
RSA V KOR,Korea Republic,8,PAIK Seungho,26.4
RSA V KOR,Korea Republic,9,CHO Guesung,30.5
RSA V KOR,Korea Republic,11,HWANG Heechan,30.1
RSA V KOR,Korea Republic,13,LEE Taeseok,32.4
RSA V KOR,Korea Republic,16,PARK Jinseob,26.0
RSA V KOR,Korea Republic,18,OH Hyeongyu,29.7
RSA V KOR,Korea Republic,19,LEE Kangin,27.3
RSA V KOR,Korea Republic,22,SEOL Youngwoo,34.1
RSA V KOR,Korea Republic,23,CASTROP Jens,31.2
RSA V KOR,Korea Republic,24,KIM Jingyu,26.8
RSA V KOR,South Africa,1,Ronwen WILLIAMS,25.7
RSA V KOR,South Africa,5,Thalente MBATHA,30.4
RSA V KOR,South Africa,6,Aubrey MODIBA,31.0
RSA V KOR,South Africa,7,Oswin APPOLLIS,29.0
RSA V KOR,South Africa,8,Tshepang MOREMI,33.0
RSA V KOR,South Africa,10,Relebohile MOFOKENG,31.0
RSA V KOR,South Africa,12,Thapelo MASEKO,31.8
RSA V KOR,South Africa,13,Sphephelo SITHOLE,31.1
RSA V KOR,South Africa,14,Mbekezeli MBOKAZI,31.0
RSA V KOR,South Africa,15,Iqraam RAYNERS,30.6
RSA V KOR,South Africa,17,Evidence MAKGOPA,32.5
RSA V KOR,South Africa,20,Khuliso MUDAU,31.8
RSA V KOR,South Africa,21,Ime OKON,32.3
RSA V KOR,South Africa,23,Jayden ADAMS,26.4
SCO V BRA,Brazil,1,ALISSON,15.7
SCO V BRA,Brazil,3,GABRIEL MAGALHAES,31.2
SCO V BRA,Brazil,4,MARQUINHOS,27.9
SCO V BRA,Brazil,5,CASEMIRO,29.3
SCO V BRA,Brazil,6,ALEX SANDRO,26.6
SCO V BRA,Brazil,7,VINICIUS JUNIOR,33.4
SCO V BRA,Brazil,8,BRUNO GUIMARAES,28.9
SCO V BRA,Brazil,9,MATHEUS CUNHA,30.7
SCO V BRA,Brazil,10,NEYMAR JR,26.4
SCO V BRA,Brazil,13,DANILO,34.2
SCO V BRA,Brazil,16,DOUGLAS SANTOS,29.3
SCO V BRA,Brazil,17,FABINHO,27.4
SCO V BRA,Brazil,19,ENDRICK,33.9
SCO V BRA,Brazil,20,LUCAS PAQUETA,28.8
SCO V BRA,Brazil,22,GABRIEL MARTINELLI,34.1
SCO V BRA,Brazil,26,RAYAN,33.2
SCO V BRA,Scotland,1,Angus GUNN,23.3
SCO V BRA,Scotland,3,Andy ROBERTSON,32.0
SCO V BRA,Scotland,4,Scott McTOMINAY,29.7
SCO V BRA,Scotland,6,Kieran TIERNEY,32.6
SCO V BRA,Scotland,7,John McGINN,27.6
SCO V BRA,Scotland,10,Che ADAMS,25.6
SCO V BRA,Scotland,11,Ryan CHRISTIE,31.4
SCO V BRA,Scotland,13,Jack HENDRY,33.6
SCO V BRA,Scotland,17,Ben GANNON,34.3
SCO V BRA,Scotland,19,Lewis FERGUSON,29.5
SCO V BRA,Scotland,20,Lawrence SHANKLAND,28.1
SCO V BRA,Scotland,22,Nathan PATTERSON,30.3
SCO V BRA,Scotland,23,Kenny McLEAN,29.2
SCO V BRA,Scotland,24,Anthony RALSTON,27.6
SCO V BRA,Scotland,25,Findlay CURTIS,33.8
SCO V BRA,Scotland,26,Scott McKENNA,30.0
SCO V MAR,Morocco,1,Yassine BOUNOU,20.2
SCO V MAR,Morocco,2,Achraf HAKIMI,35.1
SCO V MAR,Morocco,3,Noussair MAZRAOUI,28.6
SCO V MAR,Morocco,6,Ayyoub BOUADDI,31.4
SCO V MAR,Morocco,7,Chemsdine TALBI,33.8
SCO V MAR,Morocco,8,Azzedine OUNAHI,33.3
SCO V MAR,Morocco,9,Soufiane RAHIMI,28.8
SCO V MAR,Morocco,10,Brahim DIAZ,33.1
SCO V MAR,Morocco,11,Ismael SAIBARI,32.5
SCO V MAR,Morocco,14,Issa DIOP,28.5
SCO V MAR,Morocco,15,Samir EL MOURABET,26.3
SCO V MAR,Morocco,18,Chadi RIAD,32.9
SCO V MAR,Morocco,21,Ayoube AMAIMOUNI,29.9
SCO V MAR,Morocco,23,Bilal EL KHANNOUSS,33.6
SCO V MAR,Morocco,24,Neil EL AYNAOUI,33.4
SCO V MAR,Scotland,1,Angus GUNN,24.4
SCO V MAR,Scotland,3,Andy ROBERTSON,33.9
SCO V MAR,Scotland,4,Scott McTOMINAY,27.9
SCO V MAR,Scotland,5,Grant HANLEY,32.4
SCO V MAR,Scotland,6,Kieran TIERNEY,33.4
SCO V MAR,Scotland,7,John McGINN,30.9
SCO V MAR,Scotland,9,Lyndon DYKES,27.5
SCO V MAR,Scotland,10,Che ADAMS,33.8
SCO V MAR,Scotland,11,Ryan CHRISTIE,28.8
SCO V MAR,Scotland,13,Jack HENDRY,32.5
SCO V MAR,Scotland,14,Ross STEWART,27.6
SCO V MAR,Scotland,17,Ben GANNON,34.0
SCO V MAR,Scotland,19,Lewis FERGUSON,30.5
SCO V MAR,Scotland,22,Nathan PATTERSON,32.1
SCO V MAR,Scotland,23,Kenny McLEAN,26.6
SCO V MAR,Scotland,24,Anthony RALSTON,25.7
SEN V IRQ,Iraq,2,REBIN SULAKA,25.0
SEN V IRQ,Iraq,5,AKAM HASHIM,31.4
SEN V IRQ,Iraq,6,MUNAF YOUNUS,30.1
SEN V IRQ,Iraq,8,IBRAHIM BAYESH,31.7
SEN V IRQ,Iraq,9,ALI ALHAMADI,32.8
SEN V IRQ,Iraq,11,AHMED QASEM,29.1
SEN V IRQ,Iraq,12,JALAL HASSAN,17.5
SEN V IRQ,Iraq,13,ALI YOUSIF,32.4
SEN V IRQ,Iraq,14,ZIDANE IQBAL,28.3
SEN V IRQ,Iraq,15,AHMED MAKNAZI,29.7
SEN V IRQ,Iraq,16,AMIR ALAMMARI,31.4
SEN V IRQ,Iraq,17,ALI JASIM,29.6
SEN V IRQ,Iraq,19,KEVIN YAKOB,27.8
SEN V IRQ,Iraq,22,AHMED BASIL,25.5
SEN V IRQ,Iraq,23,MERCHAS DOSKI,32.1
SEN V IRQ,Iraq,26,FRANS PUTROS,28.6
SEN V IRQ,Senegal,4,Abdoulaye SECK,33.0
SEN V IRQ,Senegal,5,Idrissa Gana GUEYE,27.0
SEN V IRQ,Senegal,6,Pathe CISS,26.9
SEN V IRQ,Senegal,7,Assane DIAO,29.6
SEN V IRQ,Senegal,8,Lamine CAMARA,27.3
SEN V IRQ,Senegal,10,Sadio MANE,30.5
SEN V IRQ,Senegal,11,Nicolas JACKSON,30.7
SEN V IRQ,Senegal,13,Iliman NDIAYE,32.6
SEN V IRQ,Senegal,14,Ismail JAKOBS,32.6
SEN V IRQ,Senegal,15,Krepin DIATTA,30.9
SEN V IRQ,Senegal,18,Ismaila SARR,32.8
SEN V IRQ,Senegal,19,Moussa NIAKHATE,27.4
SEN V IRQ,Senegal,20,Ibrahim MBAYE,33.5
SEN V IRQ,Senegal,21,Habib DIARRA,32.4
SEN V IRQ,Senegal,23,Mory DIAW,23.5
SEN V IRQ,Senegal,26,Pape GUEYE,28.4
SUI V BIH,Bosnia and Herzegovina,1,Nikola VASILJ,25.2
SUI V BIH,Bosnia and Herzegovina,4,Tarik MUHAREMOVIC,31.4
SUI V BIH,Bosnia and Herzegovina,5,Sead KOLASINAC,31.6
SUI V BIH,Bosnia and Herzegovina,6,Benjamin TAHIROVIC,29.8
SUI V BIH,Bosnia and Herzegovina,7,Amar DEDIC,31.0
SUI V BIH,Bosnia and Herzegovina,10,Ermedin DEMIROVIC,32.1
SUI V BIH,Bosnia and Herzegovina,11,Edin DZEKO,27.9
SUI V BIH,Bosnia and Herzegovina,13,Ivan BASIC,27.0
SUI V BIH,Bosnia and Herzegovina,14,Ivan SUNJIC,25.9
SUI V BIH,Bosnia and Herzegovina,15,Amar MEMIC,33.2
SUI V BIH,Bosnia and Herzegovina,16,Amir HADZIAHMETOVIC,26.5
SUI V BIH,Bosnia and Herzegovina,18,Nikola KATIC,30.1
SUI V BIH,Bosnia and Herzegovina,19,Kerim ALAJBEGOVIC,31.9
SUI V BIH,Bosnia and Herzegovina,20,Esmir BAJRAKTAREVIC,28.7
SUI V BIH,Bosnia and Herzegovina,25,Jovo LUKIC,27.6
SUI V BIH,Bosnia and Herzegovina,26,Ermin MAHMIC,25.8
SUI V BIH,Switzerland,1,Gregor KOBEL,21.5
SUI V BIH,Switzerland,3,Silvan WIDMER,32.5
SUI V BIH,Switzerland,4,Nico ELVEDI,31.2
SUI V BIH,Switzerland,5,Manuel AKANJI,31.1
SUI V BIH,Switzerland,7,Breel EMBOLO,34.0
SUI V BIH,Switzerland,8,Remo FREULER,28.4
SUI V BIH,Switzerland,9,Johan MANZAMBI,29.6
SUI V BIH,Switzerland,10,Granit XHAKA,28.7
SUI V BIH,Switzerland,11,Dan NDOYE,31.4
SUI V BIH,Switzerland,13,Ricardo RODRIGUEZ,31.1
SUI V BIH,Switzerland,15,Djibril SOW,27.1
SUI V BIH,Switzerland,17,Ruben VARGAS,31.2
SUI V BIH,Switzerland,20,Michel AEBISCHER,29.4
SUI V BIH,Switzerland,22,Fabian RIEDER,30.4
SUI V BIH,Switzerland,25,Luca JAQUEZ,29.6
SUI V BIH,Switzerland,26,Cedric ITTEN,30.1
SUI V CAN,Canada,2,Alistair JOHNSTON,35.1
SUI V CAN,Canada,4,Luc DE FOUGEROLLES,32.8
SUI V CAN,Canada,6,Mathieu CHOINIERE,27.1
SUI V CAN,Canada,7,Stephen EUSTAQUIO,26.9
SUI V CAN,Canada,9,Cyle LARIN,31.8
SUI V CAN,Canada,10,Jonathan DAVID,31.6
SUI V CAN,Canada,11,Liam MILLAR,32.0
SUI V CAN,Canada,12,Tani OLUWASEYI,33.7
SUI V CAN,Canada,13,Derek CORNELIUS,29.9
SUI V CAN,Canada,14,Jacob SHAFFELBURG,29.5
SUI V CAN,Canada,16,Maxime CREPEAU,23.7
SUI V CAN,Canada,17,Tajon BUCHANAN,30.8
SUI V CAN,Canada,20,Ali AHMED,32.3
SUI V CAN,Canada,22,Richie LARYEA,35.2
SUI V CAN,Canada,24,Promise DAVID,30.1
SUI V CAN,Canada,25,Nathan SALIBA,32.3
SUI V CAN,Switzerland,1,Gregor KOBEL,22.4
SUI V CAN,Switzerland,3,Silvan WIDMER,27.1
SUI V CAN,Switzerland,4,Nico ELVEDI,31.7
SUI V CAN,Switzerland,5,Manuel AKANJI,29.8
SUI V CAN,Switzerland,7,Breel EMBOLO,31.8
SUI V CAN,Switzerland,8,Remo FREULER,27.3
SUI V CAN,Switzerland,9,Johan MANZAMBI,33.9
SUI V CAN,Switzerland,10,Granit XHAKA,27.2
SUI V CAN,Switzerland,11,Dan NDOYE,27.8
SUI V CAN,Switzerland,13,Ricardo RODRIGUEZ,27.5
SUI V CAN,Switzerland,15,Djibril SOW,31.7
SUI V CAN,Switzerland,16,Christian FASSNACHT,31.7
SUI V CAN,Switzerland,17,Ruben VARGAS,34.3
SUI V CAN,Switzerland,20,Michel AEBISCHER,31.3
SUI V CAN,Switzerland,25,Luca JAQUEZ,33.6
SUI V CAN,Switzerland,26,Cedric ITTEN,27.7
SWE V TUN,Sweden,2,Gustaf LAGERBIELKE,28.6
SWE V TUN,Sweden,3,Victor LINDELOF,28.0
SWE V TUN,Sweden,4,Isak HIEN,31.9
SWE V TUN,Sweden,5,Gabriel GUDMUNDSSON,31.1
SWE V TUN,Sweden,7,Lucas BERGVALL,30.4
SWE V TUN,Sweden,8,Daniel SVENSSON,29.6
SWE V TUN,Sweden,9,Alexander ISAK,32.6
SWE V TUN,Sweden,10,Benjamin NYGREN,31.5
SWE V TUN,Sweden,11,Anthony ELANGA,31.1
SWE V TUN,Sweden,16,Jesper KARLSTROM,29.6
SWE V TUN,Sweden,17,Viktor GYOKERES,32.4
SWE V TUN,Sweden,18,Yasin AYARI,29.3
SWE V TUN,Sweden,19,Mattias SVANBERG,26.4
SWE V TUN,Sweden,21,Alexander BERNHARDSSON,30.6
SWE V TUN,Sweden,23,Kristoffer NORDFELDT,25.0
SWE V TUN,Sweden,24,Elliot STROUD,32.8
SWE V TUN,Tunisia,1,Mouhib CHAMAKH,21.3
SWE V TUN,Tunisia,2,Ali ABDI,33.9
SWE V TUN,Tunisia,3,Montassar TALBI,30.4
SWE V TUN,Tunisia,4,Omar REKIK,30.7
SWE V TUN,Tunisia,7,Elias ACHOURI,30.3
SWE V TUN,Tunisia,8,Elias SAAD,32.1
SWE V TUN,Tunisia,10,Hannibal MEJBRI,31.7
SWE V TUN,Tunisia,11,Ismael GHARBI,27.5
SWE V TUN,Tunisia,13,Rani KHEDIRA,26.4
SWE V TUN,Tunisia,15,Mohamed HADJ MAHMOUD,31.0
SWE V TUN,Tunisia,17,Ellyes SKHIRI,28.3
SWE V TUN,Tunisia,19,Firas CHAOUAT,31.6
SWE V TUN,Tunisia,20,Yan VALERY,31.0
SWE V TUN,Tunisia,21,Mohamed Amine BEN HMIDA,32.2
SWE V TUN,Tunisia,25,Anis SLIMANE,28.5
SWE V TUN,Tunisia,26,Sebastian TOUNEKTI,27.2
TUN V JPN,Japan,1,Zion SUZUKI,25.7
TUN V JPN,Japan,2,Yukinari SUGAWARA,32.6
TUN V JPN,Japan,4,Kou ITAKURA,30.9
TUN V JPN,Japan,7,Ao TANAKA,32.0
TUN V JPN,Japan,9,Keisuke GOTO,31.1
TUN V JPN,Japan,10,Ritsu DOAN,31.3
TUN V JPN,Japan,13,Keito NAKAMURA,33.1
TUN V JPN,Japan,14,Junya ITO,33.0
TUN V JPN,Japan,15,Daichi KAMADA,27.7
TUN V JPN,Japan,17,Yuito SUZUKI,33.6
TUN V JPN,Japan,18,Ayase UEDA,32.5
TUN V JPN,Japan,20,Ayumu SEKO,26.5
TUN V JPN,Japan,21,Hiroki ITO,30.0
TUN V JPN,Japan,22,Takehiro TOMIYASU,28.4
TUN V JPN,Japan,24,Kaishu SANO,31.1
TUN V JPN,Japan,25,Junnosuke SUZUKI,28.6
TUN V JPN,Tunisia,2,Ali ABDI,34.8
TUN V JPN,Tunisia,3,Montassar TALBI,29.2
TUN V JPN,Tunisia,4,Omar REKIK,30.0
TUN V JPN,Tunisia,6,Dylan BRONN,27.8
TUN V JPN,Tunisia,7,Elias ACHOURI,29.9
TUN V JPN,Tunisia,8,Elias SAAD,32.3
TUN V JPN,Tunisia,10,Hannibal MEJBRI,31.1
TUN V JPN,Tunisia,11,Ismael GHARBI,31.0
TUN V JPN,Tunisia,13,Rani KHEDIRA,28.7
TUN V JPN,Tunisia,16,Aymen DAHMEN,19.0
TUN V JPN,Tunisia,17,Ellyes SKHIRI,29.5
TUN V JPN,Tunisia,19,Firas CHAOUAT,31.6
TUN V JPN,Tunisia,20,Yan VALERY,32.5
TUN V JPN,Tunisia,21,Mohamed Amine BEN HMIDA,32.9
TUN V JPN,Tunisia,25,Anis SLIMANE,30.3
TUN V JPN,Tunisia,26,Sebastian TOUNEKTI,32.9
TUN V NED,Netherlands,1,Bart VERBRUGGEN,22.0
TUN V NED,Netherlands,4,Virgil VAN DIJK,31.5
TUN V NED,Netherlands,5,Nathan AKE,32.6
TUN V NED,Netherlands,6,Jan Paul VAN HECKE,30.9
TUN V NED,Netherlands,7,Justin KLUIVERT,30.1
TUN V NED,Netherlands,8,Ryan GRAVENBERCH,29.5
TUN V NED,Netherlands,10,Memphis DEPAY,29.7
TUN V NED,Netherlands,11,Cody GAKPO,29.6
TUN V NED,Netherlands,14,Tijjani REIJNDERS,28.6
TUN V NED,Netherlands,17,Noa LANG,26.1
TUN V NED,Netherlands,18,Donyell MALEN,30.2
TUN V NED,Netherlands,19,Brian BROBBEY,33.6
TUN V NED,Netherlands,20,Teun KOOPMEINERS,25.6
TUN V NED,Netherlands,21,Frenkie DE JONG,30.1
TUN V NED,Netherlands,22,Denzel DUMFRIES,32.9
TUN V NED,Netherlands,24,Crysencio SUMMERVILLE,29.2
TUN V NED,Tunisia,2,Ali ABDI,32.3
TUN V NED,Tunisia,3,Montassar TALBI,30.6
TUN V NED,Tunisia,7,Elias ACHOURI,30.3
TUN V NED,Tunisia,9,Hazem MASTOURI,34.8
TUN V NED,Tunisia,10,Hannibal MEJBRI,31.3
TUN V NED,Tunisia,11,Ismael GHARBI,31.0
TUN V NED,Tunisia,12,Mortadha BEN OUANES,28.6
TUN V NED,Tunisia,13,Rani KHEDIRA,28.1
TUN V NED,Tunisia,15,Mohamed HADJ MAHMOUD,29.8
TUN V NED,Tunisia,16,Aymen DAHMEN,19.7
TUN V NED,Tunisia,17,Ellyes SKHIRI,31.2
TUN V NED,Tunisia,19,Firas CHAOUAT,34.4
TUN V NED,Tunisia,20,Yan VALERY,33.1
TUN V NED,Tunisia,21,Mohamed Amine BEN HMIDA,33.8
TUN V NED,Tunisia,25,Anis SLIMANE,30.3
TUN V NED,Tunisia,26,Sebastian TOUNEKTI,29.0
TUR V PAR,Paraguay,2,Gustavo VELAZQUEZ,29.4
TUR V PAR,Paraguay,3,Omar ALDERETE,30.2
TUR V PAR,Paraguay,4,Juan Jose CACERES,28.9
TUR V PAR,Paraguay,6,Junior ALONSO,31.3
TUR V PAR,Paraguay,8,Diego GOMEZ,28.6
TUR V PAR,Paraguay,10,Miguel ALMIRON,32.3
TUR V PAR,Paraguay,12,Orlando GILL,24.6
TUR V PAR,Paraguay,13,Jose CANALE,28.7
TUR V PAR,Paraguay,14,Andres CUBAS,29.9
TUR V PAR,Paraguay,15,Gustavo GOMEZ,30.8
TUR V PAR,Paraguay,16,Damian BOBADILLA,27.5
TUR V PAR,Paraguay,19,Julio ENCISO,33.9
TUR V PAR,Paraguay,21,Gabriel AVALOS,23.3
TUR V PAR,Paraguay,23,Matias GALARZA,30.7
TUR V PAR,Paraguay,25,Isidro PITTA,33.6
TUR V PAR,Paraguay,26,Alexandro MAIDANA,29.1
TUR V PAR,Türkiye,3,Merih DEMIRAL,32.7
TUR V PAR,Türkiye,6,Orkun KOKCU,31.1
TUR V PAR,Türkiye,7,Kerem AKTURKOGLU,32.4
TUR V PAR,Türkiye,8,Arda GULER,30.4
TUR V PAR,Türkiye,9,Deniz GUL,30.1
TUR V PAR,Türkiye,10,Hakan CALHANOGLU,30.1
TUR V PAR,Türkiye,11,Kenan YILDIZ,31.8
TUR V PAR,Türkiye,13,Eren ELMALI,32.4
TUR V PAR,Türkiye,14,Abdulkerim BARDAKCI,31.5
TUR V PAR,Türkiye,16,Ismail YUKSEK,30.0
TUR V PAR,Türkiye,18,Mert MULDUR,31.5
TUR V PAR,Türkiye,19,Yunus AKGUN,31.3
TUR V PAR,Türkiye,20,Ferdi KADIOGLU,30.7
TUR V PAR,Türkiye,21,Baris Alper YILMAZ,31.7
TUR V PAR,Türkiye,23,Ugurcan CAKIR,28.8
TUR V PAR,Türkiye,26,Can UZUN,28.5
TUR v USA,Türkiye,2,Zeki CELIK,33.0
TUR v USA,Türkiye,4,Caglar SOYUNCU,24.2
TUR v USA,Türkiye,5,Salih OZCAN,28.6
TUR v USA,Türkiye,6,Orkun KOKCU,31.3
TUR v USA,Türkiye,8,Arda GULER,29.2
TUR v USA,Türkiye,11,Kenan YILDIZ,30.8
TUR v USA,Türkiye,13,Eren ELMALI,34.8
TUR v USA,Türkiye,14,Abdulkerim BARDAKCI,31.0
TUR v USA,Türkiye,15,Ozan KABAK,30.8
TUR v USA,Türkiye,17,Irfan Can KAHVECI,32.6
TUR v USA,Türkiye,18,Mert MULDUR,27.5
TUR v USA,Türkiye,21,Baris Alper YILMAZ,34.6
TUR v USA,Türkiye,22,Kaan AYHAN,30.6
TUR v USA,Türkiye,23,Ugurcan CAKIR,20.8
TUR v USA,Türkiye,24,Oguz AYDIN,34.5
TUR v USA,Türkiye,26,Can UZUN,24.7
TUR v USA,USA,1,Matt TURNER,28.3
TUR v USA,USA,2,Sergino DEST,32.9
TUR v USA,USA,6,Auston TRUSTY,31.9
TUR v USA,USA,7,Giovanni REYNA,27.3
TUR v USA,USA,8,Weston McKENNIE,31.3
TUR v USA,USA,9,Ricardo PEPI,31.4
TUR v USA,USA,10,Christian PULISIC,32.4
TUR v USA,USA,11,Brenden AARONSON,32.4
TUR v USA,USA,12,Miles ROBINSON,34.3
TUR v USA,USA,14,Sebastian BERHALTER,30.7
TUR v USA,USA,16,Alex FREEMAN,29.8
TUR v USA,USA,17,Malik TILLMAN,26.8
TUR v USA,USA,21,Timothy WEAH,31.1
TUR v USA,USA,22,Mark McKENZIE,33.0
TUR v USA,USA,23,Joe SCALLY,31.8
TUR v USA,USA,26,Alex ZENDEJAS,27.9
URU V CPV,Cabo Verde,1,VOZINHA,21.3
URU V CPV,Cabo Verde,3,DINEY BORGES,31.8
URU V CPV,Cabo Verde,4,PICO LOPES,35.0
URU V CPV,Cabo Verde,6,KEVIN PINA,30.0
URU V CPV,Cabo Verde,9,GILSON BENCHIMOL,33.2
URU V CPV,Cabo Verde,10,JAMIRO MONTEIRO,29.7
URU V CPV,Cabo Verde,11,GARRY RODRIGUES,30.5
URU V CPV,Cabo Verde,13,SIDNY LOPES CABRAL,33.5
URU V CPV,Cabo Verde,14,DEROY DUARTE,30.0
URU V CPV,Cabo Verde,15,LAROS DUARTE,29.3
URU V CPV,Cabo Verde,16,YANNICK SEMEDO,27.4
URU V CPV,Cabo Verde,18,TELMO ARCANJO,32.0
URU V CPV,Cabo Verde,20,RYAN MENDES,33.8
URU V CPV,Cabo Verde,21,NUNO DA COSTA,30.4
URU V CPV,Cabo Verde,22,STEVEN MOREIRA,30.6
URU V CPV,Cabo Verde,26,HELIO VARELA,32.2
URU V CPV,Uruguay,3,Sebastian CACERES,30.9
URU V CPV,Uruguay,5,Manuel UGARTE,29.2
URU V CPV,Uruguay,6,Rodrigo BENTANCUR,31.5
URU V CPV,Uruguay,7,Nicolas DE LA CRUZ,29.9
URU V CPV,Uruguay,8,Federico VALVERDE,33.6
URU V CPV,Uruguay,9,Darwin NUNEZ,34.6
URU V CPV,Uruguay,13,Guillermo VARELA,32.4
URU V CPV,Uruguay,14,Agustin CANOBBIO,32.7
URU V CPV,Uruguay,16,Mathias OLIVERA,28.3
URU V CPV,Uruguay,18,Brian RODRIGUEZ,34.9
URU V CPV,Uruguay,20,Maxi ARAUJO,32.2
URU V CPV,Uruguay,21,Federico VINAS,32.2
URU V CPV,Uruguay,23,Fernando MUSLERA,25.6
URU V CPV,Uruguay,25,Juan Manuel SANABRIA,32.0
URU V ESP,Spain,5,Marcos LLORENTE,31.8
URU V ESP,Spain,6,Mikel MERINO,26.9
URU V ESP,Spain,7,Ferran TORRES,30.6
URU V ESP,Spain,8,Fabian RUIZ,30.1
URU V ESP,Spain,10,Dani OLMO,28.8
URU V ESP,Spain,11,Yeremy PINO,30.7
URU V ESP,Spain,14,Aymeric LAPORTE,28.3
URU V ESP,Spain,15,Alex BAENA,33.5
URU V ESP,Spain,16,RODRI,27.9
URU V ESP,Spain,17,Nico WILLIAMS,31.5
URU V ESP,Spain,19,Lamine YAMAL,31.4
URU V ESP,Spain,20,PEDRI,27.0
URU V ESP,Spain,21,Mikel OYARZABAL,30.1
URU V ESP,Spain,22,Pau CUBARSI,31.3
URU V ESP,Spain,23,Unai SIMON,25.7
URU V ESP,Spain,24,Marc CUCURELLA,31.1
URU V ESP,Uruguay,1,Sergio ROCHET,28.2
URU V ESP,Uruguay,3,Sebastian CACERES,33.0
URU V ESP,Uruguay,5,Manuel UGARTE,29.4
URU V ESP,Uruguay,6,Rodrigo BENTANCUR,32.6
URU V ESP,Uruguay,7,Nicolas DE LA CRUZ,29.6
URU V ESP,Uruguay,8,Federico VALVERDE,34.9
URU V ESP,Uruguay,9,Darwin NUNEZ,34.8
URU V ESP,Uruguay,13,Guillermo VARELA,32.8
URU V ESP,Uruguay,14,Agustin CANOBBIO,33.4
URU V ESP,Uruguay,16,Mathias OLIVERA,28.4
URU V ESP,Uruguay,18,Brian RODRIGUEZ,29.2
URU V ESP,Uruguay,20,Maxi ARAUJO,31.5
URU V ESP,Uruguay,21,Federico VINAS,29.1
URU V ESP,Uruguay,23,Fernando MUSLERA,18.7
URU V ESP,Uruguay,25,Juan Manuel SANABRIA,32.0
USA V AUS,Australia,3,Alessandro CIRCATI,33.4
USA V AUS,Australia,4,Jacob ITALIANO,32.5
USA V AUS,Australia,5,Jordan BOS,33.4
USA V AUS,Australia,6,Jason GERIA,31.6
USA V AUS,Australia,7,Mathew LECKIE,32.4
USA V AUS,Australia,8,Connor METCALFE,32.3
USA V AUS,Australia,9,Mohamed TOURE,32.2
USA V AUS,Australia,13,Aiden ONEILL,29.3
USA V AUS,Australia,17,Nestory IRANKUNDA,34.8
USA V AUS,Australia,18,Patrick BEACH,17.5
USA V AUS,Australia,19,Harry SOUTTAR,30.7
USA V AUS,Australia,20,Cristian VOLPATO,28.4
USA V AUS,Australia,21,Cameron BURGESS,28.5
USA V AUS,Australia,22,Jackson IRVINE,27.9
USA V AUS,Australia,23,Nishan VELUPILLAY,31.0
USA V AUS,Australia,24,Paul OKON,32.5
USA V AUS,USA,2,Sergino DEST,32.5
USA V AUS,USA,3,Chris RICHARDS,30.6
USA V AUS,USA,4,Tyler ADAMS,31.4
USA V AUS,USA,5,Antonee ROBINSON,32.9
USA V AUS,USA,6,Auston TRUSTY,29.1
USA V AUS,USA,7,Giovanni REYNA,21.9
USA V AUS,USA,8,Weston McKENNIE,32.4
USA V AUS,USA,9,Ricardo PEPI,33.2
USA V AUS,USA,13,Tim REAM,29.7
USA V AUS,USA,14,Sebastian BERHALTER,27.2
USA V AUS,USA,16,Alex FREEMAN,33.5
USA V AUS,USA,17,Malik TILLMAN,32.1
USA V AUS,USA,19,Haji WRIGHT,31.2
USA V AUS,USA,20,Folarin BALOGUN,33.9
USA V AUS,USA,23,Joe SCALLY,30.3
USA V AUS,USA,24,Matt FREESE,24.6
USA V PAR,Paraguay,2,Gustavo VELAZQUEZ,31.3
USA V PAR,Paraguay,3,Omar ALDERETE,30.3
USA V PAR,Paraguay,4,Juan Jose CACERES,32.0
USA V PAR,Paraguay,6,Junior ALONSO,29.5
USA V PAR,Paraguay,7,Ramon SOSA,26.1
USA V PAR,Paraguay,8,Diego GOMEZ,31.6
USA V PAR,Paraguay,9,Antonio SANABRIA,29.2
USA V PAR,Paraguay,10,Miguel ALMIRON,29.3
USA V PAR,Paraguay,11,MAURICIO,27.6
USA V PAR,Paraguay,12,Orlando GILL,21.9
USA V PAR,Paraguay,14,Andres CUBAS,30.1
USA V PAR,Paraguay,15,Gustavo GOMEZ,30.7
USA V PAR,Paraguay,16,Damian BOBADILLA,30.2
USA V PAR,Paraguay,17,Alejandro ROMERO GAMARRA,23.5
USA V PAR,Paraguay,18,Alex ARCE,30.1
USA V PAR,Paraguay,19,Julio ENCISO,33.3
USA V PAR,USA,2,Sergino DEST,32.3
USA V PAR,USA,3,Chris RICHARDS,30.6
USA V PAR,USA,4,Tyler ADAMS,30.5
USA V PAR,USA,5,Antonee ROBINSON,34.0
USA V PAR,USA,7,Giovanni REYNA,25.5
USA V PAR,USA,8,Weston McKENNIE,31.7
USA V PAR,USA,9,Ricardo PEPI,30.8
USA V PAR,USA,10,Christian PULISIC,31.6
USA V PAR,USA,13,Tim REAM,30.5
USA V PAR,USA,14,Sebastian BERHALTER,31.0
USA V PAR,USA,16,Alex FREEMAN,29.0
USA V PAR,USA,17,Malik TILLMAN,30.5
USA V PAR,USA,20,Folarin BALOGUN,30.8
USA V PAR,USA,21,Timothy WEAH,28.4
USA V PAR,USA,24,Matt FREESE,21.5
UZB V COL,Colombia,2,Daniel MUNOZ,30.2
UZB V COL,Colombia,3,Jhon LUCUMI,32.9
UZB V COL,Colombia,5,Kevin CASTANO,27.2
UZB V COL,Colombia,6,Richard RIOS,28.9
UZB V COL,Colombia,7,Luis DIAZ,34.6
UZB V COL,Colombia,10,James RODRIGUEZ,26.2
UZB V COL,Colombia,11,Jhon ARIAS,30.2
UZB V COL,Colombia,12,Camilo VARGAS,22.5
UZB V COL,Colombia,14,Gustavo PUERTA,29.3
UZB V COL,Colombia,16,Jefferson LERMA,32.3
UZB V COL,Colombia,17,Johan MOJICA,33.8
UZB V COL,Colombia,19,Cucho HERNANDEZ,32.3
UZB V COL,Colombia,21,Jaminton CAMPAZ,26.1
UZB V COL,Colombia,23,Davinson SANCHEZ,31.8
UZB V COL,Colombia,25,Luis SUAREZ,33.3
UZB V COL,Colombia,26,Andres GOMEZ,28.4
UZB V COL,Uzbekistan,1,Utkir YUSUPOV,22.5
UZB V COL,Uzbekistan,2,Abdukodir KHUSANOV,36.5
UZB V COL,Uzbekistan,4,Farrukh SAYFIEV,30.6
UZB V COL,Uzbekistan,5,Rustam ASHURMATOV,30.3
UZB V COL,Uzbekistan,6,Akmal MOZGOVOY,28.3
UZB V COL,Uzbekistan,7,Otabek SHUKUROV,28.5
UZB V COL,Uzbekistan,11,Oston URUNOV,30.4
UZB V COL,Uzbekistan,13,Sherzod NASRULLAEV,26.6
UZB V COL,Uzbekistan,14,Eldor SHOMURODOV,30.2
UZB V COL,Uzbekistan,17,Dostonbek KHAMDAMOV,32.3
UZB V COL,Uzbekistan,18,Abdulla ABDULLAEV,30.3
UZB V COL,Uzbekistan,20,Azizbek AMONOV,30.1
UZB V COL,Uzbekistan,21,Igor SERGEEV,27.0
UZB V COL,Uzbekistan,22,Abbosbek FAYZULLAEV,33.9
UZB V COL,Uzbekistan,24,Behruzjon KARIMOV,32.2
UZB V COL,Uzbekistan,26,Jakhongir UROZOV,30.8
